user_id,lesson_id,activity_type,rating,timestamp,time_spent,quiz_score,time_spent_norm,quiz_score_norm,topic,difficulty,length
88,107,completed,4,2024-09-27 10:59:34.247556,30,9,0.007578694502444894,-1.3647948266626968,Literature,medium,60
10,109,viewed,5,2024-10-27 10:59:34.247569,39,54,0.5188218432748514,0.16217436744266733,Literature,medium,30
33,112,completed,5,2024-10-16 10:59:34.247572,13,83,-0.9581028087343229,1.1462211814216798,Science,medium,45
100,108,completed,1,2024-10-02 10:59:34.247575,24,1,-0.33325007134582607,-1.6362560167258728,History,medium,60
59,119,viewed,4,2024-10-25 10:59:34.247578,58,11,1.5981129351277095,-1.296929529146903,Math,easy,45
13,102,viewed,3,2024-10-16 10:59:34.247580,31,15,0.06438348881049005,-1.161198934115315,History,medium,45
90,114,viewed,1,2024-10-03 10:59:34.247583,26,95,-0.21964048272973577,1.5534129665164436,Literature,easy,30
60,118,completed,3,2024-10-20 10:59:34.247585,4,24,-1.4693459575067294,-0.8558050952942422,History,easy,45
81,105,completed,2,2024-10-19 10:59:34.247588,15,69,-0.8444932201182326,0.671164098811122,History,hard,30
89,116,viewed,1,2024-10-05 10:59:34.247590,49,73,1.086869786355303,0.80689469384271,Literature,medium,15
64,105,viewed,5,2024-09-28 10:59:34.247593,36,26,0.34840746035071585,-0.7879397977784481,History,hard,30
89,104,completed,3,2024-10-15 10:59:34.247595,12,41,-1.014907603042368,-0.2789500664099934,Math,medium,45
93,111,viewed,4,2024-10-26 10:59:34.247598,5,91,-1.4125411631986842,1.4176823714848557,History,hard,30
71,120,viewed,3,2024-10-12 10:59:34.247600,35,9,0.2916026660426707,-1.3647948266626968,Literature,hard,60
69,114,completed,1,2024-10-18 10:59:34.247603,48,87,1.0300649920472578,1.2819517764532677,Literature,easy,30
52,117,viewed,2,2024-10-11 10:59:34.247605,21,23,-0.5036644542699615,-0.8897377440521391,Literature,medium,60
56,113,completed,1,2024-10-03 10:59:34.247608,24,69,-0.33325007134582607,0.671164098811122,Math,easy,60
55,119,viewed,3,2024-10-03 10:59:34.247610,12,6,-1.014907603042368,-1.466592772936388,Math,easy,45
68,101,viewed,3,2024-09-30 10:59:34.247613,21,40,-0.5036644542699615,-0.31288271516789046,Literature,hard,45
4,109,completed,5,2024-10-16 10:59:34.247615,37,4,0.40521225465876104,-1.5344580704521817,Literature,medium,30
37,107,completed,1,2024-10-23 10:59:34.247618,26,80,-0.21964048272973577,1.044423235147989,Literature,medium,60
7,115,viewed,2,2024-10-10 10:59:34.247620,6,20,-1.355736368890639,-0.9915356903258301,Science,easy,45
71,104,viewed,2,2024-10-25 10:59:34.247623,22,27,-0.4468596599619164,-0.7540071490205512,Math,medium,45
50,114,viewed,2,2024-10-07 10:59:34.247625,32,82,0.12118828311853522,1.1122885326637828,Literature,easy,30
46,113,completed,1,2024-10-11 10:59:34.247628,55,47,1.427698552203574,-0.07535417386261156,Math,easy,60
24,111,viewed,4,2024-10-01 10:59:34.247631,12,92,-1.014907603042368,1.4516150202427527,History,hard,30
59,113,viewed,2,2024-10-13 10:59:34.247633,43,34,0.746041020507032,-0.5164786077152723,Math,easy,60
100,118,completed,3,2024-10-09 10:59:34.247636,41,77,0.6324314318909416,0.942625288874298,History,easy,45
77,109,viewed,2,2024-09-27 10:59:34.247638,57,61,1.5413081408196643,0.3997029087479462,Literature,medium,30
74,111,completed,4,2024-10-10 10:59:34.247640,24,64,-0.33325007134582607,0.5015008550216371,History,hard,30
20,115,completed,5,2024-10-23 10:59:34.247643,58,3,1.5981129351277095,-1.5683907192100788,Science,easy,45
81,112,viewed,5,2024-09-27 10:59:34.247645,39,33,0.5188218432748514,-0.5504112564731694,Science,medium,45
89,108,completed,5,2024-10-17 10:59:34.247648,36,83,0.34840746035071585,1.1462211814216798,History,medium,60
35,102,completed,1,2024-10-02 10:59:34.247650,29,74,-0.04922609980560027,0.840827342600607,History,medium,45
49,119,viewed,1,2024-10-27 10:59:34.247653,17,37,-0.7308836315021422,-0.4146806614415814,Math,easy,45
21,106,viewed,4,2024-10-15 10:59:34.247655,1,21,-1.639760340430865,-0.9576030415679331,Math,easy,45
2,118,completed,4,2024-10-25 10:59:34.247657,20,41,-0.5604692485780067,-0.2789500664099934,History,easy,45
22,111,viewed,2,2024-10-01 10:59:34.247660,20,84,-0.5604692485780067,1.1801538301795769,History,hard,30
18,117,completed,3,2024-10-03 10:59:34.247662,60,68,1.7117225237437999,0.6372314500532251,Literature,medium,60
38,111,viewed,1,2024-10-10 10:59:34.247665,12,90,-1.014907603042368,1.3837497227269586,History,hard,30
23,115,completed,2,2024-10-10 10:59:34.247667,44,74,0.8028458148150772,0.840827342600607,Science,easy,45
62,115,viewed,5,2024-10-15 10:59:34.247669,59,31,1.6549177294357547,-0.6182765539889633,Science,easy,45
85,101,completed,1,2024-10-11 10:59:34.247672,42,94,0.6892362261989868,1.5194803177585465,Literature,hard,45
42,115,viewed,1,2024-10-22 10:59:34.247674,37,0,0.40521225465876104,-1.6701886654837697,Science,easy,45
7,103,viewed,1,2024-09-30 10:59:34.247676,29,53,-0.04922609980560027,0.12824171868477033,Literature,hard,60
76,102,viewed,3,2024-10-22 10:59:34.247679,12,78,-1.014907603042368,0.9765579376321949,History,medium,45
12,120,viewed,2,2024-10-09 10:59:34.247681,11,46,-1.0717123973504132,-0.10928682262050854,Literature,hard,60
84,120,completed,4,2024-10-24 10:59:34.247683,22,76,-0.4468596599619164,0.9086926401164009,Literature,hard,60
62,106,viewed,2,2024-10-16 10:59:34.247686,49,21,1.086869786355303,-0.9576030415679331,Math,easy,45
5,112,completed,2,2024-10-21 10:59:34.247688,15,25,-0.8444932201182326,-0.8218724465363452,Science,medium,45
96,119,viewed,5,2024-10-27 10:59:34.247690,40,36,0.5756266375828966,-0.44861331019947837,Math,easy,45
54,107,viewed,2,2024-10-21 10:59:34.247692,50,31,1.1436745806633482,-0.6182765539889633,Literature,medium,60
40,112,completed,3,2024-10-04 10:59:34.247695,37,60,0.40521225465876104,0.3657702599900492,Science,medium,45
66,104,viewed,1,2024-10-08 10:59:34.247698,16,31,-0.7876884258101874,-0.6182765539889633,Math,medium,45
23,109,viewed,5,2024-10-22 10:59:34.247700,5,70,-1.4125411631986842,0.7050967475690191,Literature,medium,30
81,107,viewed,5,2024-10-26 10:59:34.247702,44,65,0.8028458148150772,0.5354335037795341,Literature,medium,60
50,112,viewed,4,2024-09-29 10:59:34.247705,11,60,-1.0717123973504132,0.3657702599900492,Science,medium,45
55,107,viewed,3,2024-10-03 10:59:34.247707,48,81,1.0300649920472578,1.0783558839058858,Literature,medium,60
1,104,viewed,5,2024-10-17 10:59:34.247710,14,57,-0.9012980144262778,0.26397231371635826,Math,medium,45
32,111,viewed,3,2024-10-20 10:59:34.247712,46,45,0.9164554034311675,-0.14321947137840552,History,hard,30
26,103,viewed,1,2024-10-15 10:59:34.247714,21,82,-0.5036644542699615,1.1122885326637828,Literature,hard,60
99,118,completed,3,2024-10-25 10:59:34.247717,47,100,0.9732601977392127,1.7230762103059285,History,easy,45
87,115,viewed,4,2024-10-22 10:59:34.247719,20,76,-0.5604692485780067,0.9086926401164009,Science,easy,45
18,101,viewed,1,2024-10-10 10:59:34.247721,17,97,-0.7308836315021422,1.6212782640322376,Literature,hard,45
51,118,completed,1,2024-10-25 10:59:34.247723,32,60,0.12118828311853522,0.3657702599900492,History,easy,45
45,104,viewed,2,2024-10-06 10:59:34.247726,2,91,-1.5829555461228197,1.4176823714848557,Math,medium,45
24,119,completed,4,2024-10-05 10:59:34.247729,28,48,-0.10603089411364543,-0.04142152510471457,Math,easy,45
53,105,completed,2,2024-10-07 10:59:34.247734,16,73,-0.7876884258101874,0.80689469384271,History,hard,30
30,120,viewed,5,2024-09-27 10:59:34.247736,22,81,-0.4468596599619164,1.0783558839058858,Literature,hard,60
36,115,completed,4,2024-10-11 10:59:34.247738,26,60,-0.21964048272973577,0.3657702599900492,Science,easy,45
44,102,completed,4,2024-10-08 10:59:34.247741,48,34,1.0300649920472578,-0.5164786077152723,History,medium,45
89,111,completed,4,2024-10-08 10:59:34.247745,35,79,0.2916026660426707,1.010490586390092,History,hard,30
72,118,completed,5,2024-10-03 10:59:34.247748,32,26,0.12118828311853522,-0.7879397977784481,History,easy,45
26,102,completed,3,2024-10-19 10:59:34.247750,31,88,0.06438348881049005,1.3158844252111648,History,medium,45
82,104,completed,1,2024-10-27 10:59:34.247752,57,18,1.5413081408196643,-1.059400987841624,Math,medium,45
3,108,viewed,2,2024-10-04 10:59:34.247757,1,33,-1.639760340430865,-0.5504112564731694,History,medium,60
66,101,viewed,5,2024-09-29 10:59:34.247760,58,50,1.5981129351277095,0.026443772411079394,Literature,hard,45
71,110,viewed,3,2024-10-04 10:59:34.247762,7,100,-1.2989315745825938,1.7230762103059285,Science,easy,30
98,106,completed,4,2024-10-07 10:59:34.247765,11,22,-1.0717123973504132,-0.9236703928100362,Math,easy,45
85,102,viewed,1,2024-10-08 10:59:34.247767,22,70,-0.4468596599619164,0.7050967475690191,History,medium,45
93,104,viewed,2,2024-10-08 10:59:34.247769,13,52,-0.9581028087343229,0.09430906992687335,Math,medium,45
20,117,viewed,2,2024-10-01 10:59:34.247774,1,32,-1.639760340430865,-0.5843439052310663,Literature,medium,60
12,113,viewed,3,2024-10-25 10:59:34.247776,29,12,-0.04922609980560027,-1.262996880389006,Math,easy,60
69,111,viewed,2,2024-10-01 10:59:34.247779,42,98,0.6892362261989868,1.6552109127901347,History,hard,30
66,118,completed,4,2024-10-13 10:59:34.247781,21,48,-0.5036644542699615,-0.04142152510471457,History,easy,45
11,104,viewed,1,2024-10-12 10:59:34.247784,56,67,1.484503346511619,0.6032988012953281,Math,medium,45
82,116,viewed,5,2024-10-23 10:59:34.247786,43,41,0.746041020507032,-0.2789500664099934,Literature,medium,15
96,101,viewed,2,2024-10-24 10:59:34.247788,43,56,0.746041020507032,0.2300396649584613,Literature,hard,45
61,111,completed,1,2024-10-10 10:59:34.247791,22,24,-0.4468596599619164,-0.8558050952942422,History,hard,30
68,110,completed,1,2024-10-08 10:59:34.247793,33,51,0.17799307742658038,0.060376421168976374,Science,easy,30
84,112,completed,4,2024-10-15 10:59:34.247795,43,14,0.746041020507032,-1.195131582873212,Science,medium,45
37,117,viewed,4,2024-10-21 10:59:34.247798,9,8,-1.1853219859665036,-1.3987274754205938,Literature,medium,60
14,112,viewed,4,2024-10-15 10:59:34.247800,38,72,0.4620170489668062,0.772962045084813,Science,medium,45
11,102,viewed,3,2024-10-17 10:59:34.247803,54,51,1.370893757895529,0.060376421168976374,History,medium,45
50,109,completed,1,2024-09-28 10:59:34.247805,60,21,1.7117225237437999,-0.9576030415679331,Literature,medium,30
60,106,viewed,5,2024-10-19 10:59:34.247811,10,34,-1.1285171916584584,-0.5164786077152723,Math,easy,45
43,113,completed,1,2024-10-16 10:59:34.247813,12,95,-1.014907603042368,1.5534129665164436,Math,easy,60
51,103,viewed,2,2024-10-23 10:59:34.247816,18,19,-0.6740788371940971,-1.0254683390837271,Literature,hard,60
94,107,viewed,1,2024-10-21 10:59:34.247818,14,19,-0.9012980144262778,-1.0254683390837271,Literature,medium,60
36,108,completed,5,2024-10-17 10:59:34.247821,19,28,-0.6172740428860519,-0.7200745002626542,History,medium,60
66,119,completed,2,2024-10-18 10:59:34.247823,51,93,1.2004793749713933,1.4855476690006497,Math,easy,45
78,117,completed,1,2024-10-21 10:59:34.247826,56,43,1.484503346511619,-0.2110847688941995,Literature,medium,60
93,105,viewed,2,2024-09-28 10:59:34.247828,54,22,1.370893757895529,-0.9236703928100362,History,hard,30
6,109,completed,1,2024-10-17 10:59:34.247831,42,16,0.6892362261989868,-1.127266285357418,Literature,medium,30
62,120,viewed,5,2024-10-22 10:59:34.247833,18,7,-0.6740788371940971,-1.4326601241784909,Literature,hard,60
7,116,completed,5,2024-10-13 10:59:34.247836,28,90,-0.10603089411364543,1.3837497227269586,Literature,medium,15
100,119,completed,3,2024-10-24 10:59:34.247839,24,53,-0.33325007134582607,0.12824171868477033,Math,easy,45
87,102,viewed,4,2024-10-16 10:59:34.247841,9,37,-1.1853219859665036,-0.4146806614415814,History,medium,45
22,117,completed,2,2024-10-14 10:59:34.247844,30,77,0.007578694502444894,0.942625288874298,Literature,medium,60
11,106,completed,5,2024-10-22 10:59:34.247846,59,97,1.6549177294357547,1.6212782640322376,Math,easy,45
39,116,viewed,2,2024-10-25 10:59:34.247849,25,34,-0.27644527703778093,-0.5164786077152723,Literature,medium,15
27,103,completed,2,2024-10-24 10:59:34.247851,44,37,0.8028458148150772,-0.4146806614415814,Literature,hard,60
79,118,viewed,1,2024-09-29 10:59:34.247854,25,49,-0.27644527703778093,-0.0074888763468175905,History,easy,45
98,105,completed,1,2024-10-27 10:59:34.247856,43,76,0.746041020507032,0.9086926401164009,History,hard,30
40,101,viewed,4,2024-10-14 10:59:34.247859,54,71,1.370893757895529,0.739029396326916,Literature,hard,45
91,113,completed,4,2024-10-25 10:59:34.247861,8,8,-1.2421267802745486,-1.3987274754205938,Math,easy,60
38,112,viewed,2,2024-10-13 10:59:34.247864,12,66,-1.014907603042368,0.5693661525374311,Science,medium,45
69,110,viewed,5,2024-10-25 10:59:34.247866,55,28,1.427698552203574,-0.7200745002626542,Science,easy,30
81,101,completed,1,2024-09-27 10:59:34.247868,27,44,-0.1628356884216906,-0.1771521201363025,Literature,hard,45
86,114,completed,2,2024-10-14 10:59:34.247870,7,16,-1.2989315745825938,-1.127266285357418,Literature,easy,30
78,110,completed,2,2024-10-18 10:59:34.247873,47,18,0.9732601977392127,-1.059400987841624,Science,easy,30
98,103,viewed,5,2024-09-28 10:59:34.247875,56,17,1.484503346511619,-1.093333636599521,Literature,hard,60
2,115,viewed,3,2024-10-22 10:59:34.247877,26,67,-0.21964048272973577,0.6032988012953281,Science,easy,45
85,120,viewed,2,2024-10-16 10:59:34.247880,27,66,-0.1628356884216906,0.5693661525374311,Literature,hard,60
92,104,viewed,1,2024-10-11 10:59:34.247882,32,5,0.12118828311853522,-1.5005254216942847,Math,medium,45
11,109,completed,3,2024-10-19 10:59:34.247884,49,14,1.086869786355303,-1.195131582873212,Literature,medium,30
1,114,viewed,3,2024-10-04 10:59:34.247887,38,26,0.4620170489668062,-0.7879397977784481,Literature,easy,30
62,102,viewed,5,2024-10-13 10:59:34.247889,16,66,-0.7876884258101874,0.5693661525374311,History,medium,45
99,113,completed,3,2024-10-26 10:59:34.247892,56,75,1.484503346511619,0.8747599913585039,Math,easy,60
51,107,completed,2,2024-10-20 10:59:34.247894,26,0,-0.21964048272973577,-1.6701886654837697,Literature,medium,60
37,101,completed,2,2024-10-26 10:59:34.247896,38,64,0.4620170489668062,0.5015008550216371,Literature,hard,45
21,104,viewed,2,2024-09-27 10:59:34.247899,37,21,0.40521225465876104,-0.9576030415679331,Math,medium,45
57,118,completed,5,2024-09-27 10:59:34.247901,8,65,-1.2421267802745486,0.5354335037795341,History,easy,45
52,111,viewed,2,2024-10-17 10:59:34.247903,49,25,1.086869786355303,-0.8218724465363452,History,hard,30
65,115,viewed,1,2024-09-28 10:59:34.247906,10,27,-1.1285171916584584,-0.7540071490205512,Science,easy,45
78,118,completed,2,2024-10-03 10:59:34.247908,5,65,-1.4125411631986842,0.5354335037795341,History,easy,45
92,119,viewed,5,2024-10-02 10:59:34.247911,22,71,-0.4468596599619164,0.739029396326916,Math,easy,45
18,114,viewed,5,2024-10-02 10:59:34.247913,5,78,-1.4125411631986842,0.9765579376321949,Literature,easy,30
85,114,completed,2,2024-10-01 10:59:34.247915,47,97,0.9732601977392127,1.6212782640322376,Literature,easy,30
80,109,viewed,5,2024-09-27 10:59:34.247918,36,43,0.34840746035071585,-0.2110847688941995,Literature,medium,30
32,102,viewed,4,2024-10-21 10:59:34.247920,1,1,-1.639760340430865,-1.6362560167258728,History,medium,45
89,107,viewed,2,2024-10-13 10:59:34.247922,46,58,0.9164554034311675,0.29790496247425524,Literature,medium,60
3,113,viewed,1,2024-10-23 10:59:34.247925,44,15,0.8028458148150772,-1.161198934115315,Math,easy,60
44,111,completed,1,2024-10-10 10:59:34.247927,18,75,-0.6740788371940971,0.8747599913585039,History,hard,30
44,113,viewed,1,2024-10-26 10:59:34.247929,58,12,1.5981129351277095,-1.262996880389006,Math,easy,60
60,115,viewed,5,2024-09-29 10:59:34.247932,60,84,1.7117225237437999,1.1801538301795769,Science,easy,45
30,113,viewed,2,2024-10-20 10:59:34.247934,8,42,-1.2421267802745486,-0.24501741765209648,Math,easy,60
1,111,viewed,3,2024-10-18 10:59:34.247937,59,26,1.6549177294357547,-0.7879397977784481,History,hard,30
40,115,completed,3,2024-10-27 10:59:34.247939,15,3,-0.8444932201182326,-1.5683907192100788,Science,easy,45
16,111,completed,1,2024-10-04 10:59:34.247941,56,78,1.484503346511619,0.9765579376321949,History,hard,30
34,110,viewed,5,2024-10-03 10:59:34.247943,6,9,-1.355736368890639,-1.3647948266626968,Science,easy,30
17,112,viewed,2,2024-10-02 10:59:34.247946,27,72,-0.1628356884216906,0.772962045084813,Science,medium,45
20,103,completed,1,2024-10-08 10:59:34.247948,37,25,0.40521225465876104,-0.8218724465363452,Literature,hard,60
5,115,viewed,2,2024-09-29 10:59:34.247951,58,7,1.5981129351277095,-1.4326601241784909,Science,easy,45
4,111,viewed,5,2024-09-27 10:59:34.247953,50,99,1.1436745806633482,1.6891435615480315,History,hard,30
11,105,completed,3,2024-10-05 10:59:34.247955,54,0,1.370893757895529,-1.6701886654837697,History,hard,30
26,115,viewed,2,2024-10-05 10:59:34.247958,34,71,0.23479787173462555,0.739029396326916,Science,easy,45
66,106,viewed,5,2024-09-30 10:59:34.247960,12,86,-1.014907603042368,1.2480191276953707,Math,easy,45
41,112,viewed,1,2024-10-24 10:59:34.247965,60,97,1.7117225237437999,1.6212782640322376,Science,medium,45
80,119,completed,1,2024-10-21 10:59:34.247967,39,29,0.5188218432748514,-0.6861418515047573,Math,easy,45
99,110,completed,2,2024-10-11 10:59:34.247969,29,34,-0.04922609980560027,-0.5164786077152723,Science,easy,30
13,117,viewed,5,2024-10-09 10:59:34.247972,5,97,-1.4125411631986842,1.6212782640322376,Literature,medium,60
73,112,completed,1,2024-10-16 10:59:34.247974,21,37,-0.5036644542699615,-0.4146806614415814,Science,medium,45
50,119,completed,2,2024-09-28 10:59:34.247976,49,19,1.086869786355303,-1.0254683390837271,Math,easy,45
89,105,completed,2,2024-10-11 10:59:34.247979,47,30,0.9732601977392127,-0.6522092027468602,History,hard,30
94,120,completed,4,2024-10-27 10:59:34.247981,21,85,-0.5036644542699615,1.2140864789374737,Literature,hard,60
37,110,completed,2,2024-10-23 10:59:34.247983,50,44,1.1436745806633482,-0.1771521201363025,Science,easy,30
71,119,completed,2,2024-09-29 10:59:34.247989,36,98,0.34840746035071585,1.6552109127901347,Math,easy,45
56,103,completed,5,2024-10-22 10:59:34.247991,42,2,0.6892362261989868,-1.6023233679679758,Literature,hard,60
66,110,viewed,2,2024-09-29 10:59:34.247994,37,87,0.40521225465876104,1.2819517764532677,Science,easy,30
53,109,completed,1,2024-10-06 10:59:34.247996,28,52,-0.10603089411364543,0.09430906992687335,Literature,medium,30
3,104,completed,4,2024-10-11 10:59:34.247998,30,44,0.007578694502444894,-0.1771521201363025,Math,medium,45
9,114,completed,4,2024-10-20 10:59:34.248001,32,32,0.12118828311853522,-0.5843439052310663,Literature,easy,30
57,103,viewed,3,2024-10-01 10:59:34.248005,18,13,-0.6740788371940971,-1.229064231631109,Literature,hard,60
96,112,viewed,1,2024-10-15 10:59:34.248008,18,0,-0.6740788371940971,-1.6701886654837697,Science,medium,45
8,114,viewed,3,2024-09-27 10:59:34.248012,20,15,-0.5604692485780067,-1.161198934115315,Literature,easy,30
54,106,completed,5,2024-10-09 10:59:34.248015,48,41,1.0300649920472578,-0.2789500664099934,Math,easy,45
73,108,completed,3,2024-09-29 10:59:34.248017,48,27,1.0300649920472578,-0.7540071490205512,History,medium,60
74,110,viewed,2,2024-10-04 10:59:34.248019,57,12,1.5413081408196643,-1.262996880389006,Science,easy,30
87,103,viewed,4,2024-10-12 10:59:34.248022,1,95,-1.639760340430865,1.5534129665164436,Literature,hard,60
82,103,viewed,5,2024-10-04 10:59:34.248026,39,95,0.5188218432748514,1.5534129665164436,Literature,hard,60
6,110,viewed,2,2024-10-14 10:59:34.248029,30,36,0.007578694502444894,-0.44861331019947837,Science,easy,30
7,120,viewed,5,2024-10-08 10:59:34.248031,8,24,-1.2421267802745486,-0.8558050952942422,Literature,hard,60
46,115,completed,2,2024-10-13 10:59:34.248034,50,23,1.1436745806633482,-0.8897377440521391,Science,easy,45
37,118,viewed,1,2024-10-25 10:59:34.248036,27,94,-0.1628356884216906,1.5194803177585465,History,easy,45
66,102,completed,2,2024-10-15 10:59:34.248038,60,57,1.7117225237437999,0.26397231371635826,History,medium,45
28,111,completed,3,2024-09-27 10:59:34.248041,25,79,-0.27644527703778093,1.010490586390092,History,hard,30
23,112,completed,4,2024-10-19 10:59:34.248045,36,61,0.34840746035071585,0.3997029087479462,Science,medium,45
74,118,viewed,2,2024-10-26 10:59:34.248048,32,83,0.12118828311853522,1.1462211814216798,History,easy,45
76,119,completed,2,2024-09-29 10:59:34.248050,38,44,0.4620170489668062,-0.1771521201363025,Math,easy,45
86,111,viewed,3,2024-10-03 10:59:34.248052,22,74,-0.4468596599619164,0.840827342600607,History,hard,30
99,104,completed,4,2024-10-13 10:59:34.248054,20,56,-0.5604692485780067,0.2300396649584613,Math,medium,45
76,115,viewed,2,2024-10-15 10:59:34.248057,10,100,-1.1285171916584584,1.7230762103059285,Science,easy,45
8,108,viewed,1,2024-10-04 10:59:34.248059,25,63,-0.27644527703778093,0.4675682062637402,History,medium,60
100,105,viewed,5,2024-10-09 10:59:34.248062,30,6,0.007578694502444894,-1.466592772936388,History,hard,30
49,108,completed,5,2024-10-22 10:59:34.248064,7,95,-1.2989315745825938,1.5534129665164436,History,medium,60
20,105,viewed,5,2024-09-29 10:59:34.248067,28,62,-0.10603089411364543,0.4336355575058432,History,hard,30
72,120,completed,5,2024-09-29 10:59:34.248069,52,25,1.2572841692794385,-0.8218724465363452,Literature,hard,60
30,115,viewed,1,2024-10-08 10:59:34.248071,14,93,-0.9012980144262778,1.4855476690006497,Science,easy,45
19,119,viewed,2,2024-10-15 10:59:34.248074,14,9,-0.9012980144262778,-1.3647948266626968,Math,easy,45
56,107,completed,1,2024-10-02 10:59:34.248076,42,56,0.6892362261989868,0.2300396649584613,Literature,medium,60
14,110,viewed,3,2024-10-02 10:59:34.248078,48,91,1.0300649920472578,1.4176823714848557,Science,easy,30
63,115,viewed,2,2024-09-27 10:59:34.248083,18,16,-0.6740788371940971,-1.127266285357418,Science,easy,45
53,110,completed,1,2024-10-13 10:59:34.248085,18,91,-0.6740788371940971,1.4176823714848557,Science,easy,30
92,105,completed,3,2024-10-08 10:59:34.248088,58,5,1.5981129351277095,-1.5005254216942847,History,hard,30
15,118,viewed,3,2024-10-25 10:59:34.248090,46,87,0.9164554034311675,1.2819517764532677,History,easy,45
27,112,completed,5,2024-10-06 10:59:34.248094,22,31,-0.4468596599619164,-0.6182765539889633,Science,medium,45
85,107,viewed,2,2024-10-16 10:59:34.248097,43,55,0.746041020507032,0.1961070162005643,Literature,medium,60
46,102,viewed,4,2024-09-27 10:59:34.248099,18,66,-0.6740788371940971,0.5693661525374311,History,medium,45
82,118,viewed,1,2024-10-06 10:59:34.248102,60,54,1.7117225237437999,0.16217436744266733,History,easy,45
76,105,viewed,3,2024-09-29 10:59:34.248104,10,57,-1.1285171916584584,0.26397231371635826,History,hard,30
50,116,completed,1,2024-10-11 10:59:34.248106,19,93,-0.6172740428860519,1.4855476690006497,Literature,medium,15
42,116,viewed,3,2024-10-27 10:59:34.248109,58,40,1.5981129351277095,-0.31288271516789046,Literature,medium,15
12,119,viewed,4,2024-10-03 10:59:34.248111,4,45,-1.4693459575067294,-0.14321947137840552,Math,easy,45
10,117,viewed,5,2024-10-06 10:59:34.248113,41,69,0.6324314318909416,0.671164098811122,Literature,medium,60
70,110,viewed,3,2024-10-23 10:59:34.248116,6,74,-1.355736368890639,0.840827342600607,Science,easy,30
77,101,viewed,5,2024-10-12 10:59:34.248118,24,24,-0.33325007134582607,-0.8558050952942422,Literature,hard,45
54,120,viewed,1,2024-10-15 10:59:34.248120,42,1,0.6892362261989868,-1.6362560167258728,Literature,hard,60
6,101,viewed,2,2024-10-15 10:59:34.248123,41,61,0.6324314318909416,0.3997029087479462,Literature,hard,45
47,113,completed,1,2024-10-16 10:59:34.248125,45,77,0.8596506091231223,0.942625288874298,Math,easy,60
93,116,completed,3,2024-10-14 10:59:34.248127,60,39,1.7117225237437999,-0.34681536392578743,Literature,medium,15
93,102,completed,4,2024-09-28 10:59:34.248129,36,0,0.34840746035071585,-1.6701886654837697,History,medium,45
78,119,completed,2,2024-10-12 10:59:34.248133,12,54,-1.014907603042368,0.16217436744266733,Math,easy,45
73,110,viewed,4,2024-10-10 10:59:34.248135,28,64,-0.10603089411364543,0.5015008550216371,Science,easy,30
15,101,viewed,1,2024-10-13 10:59:34.248138,13,71,-0.9581028087343229,0.739029396326916,Literature,hard,45
14,103,completed,3,2024-09-28 10:59:34.248140,2,24,-1.5829555461228197,-0.8558050952942422,Literature,hard,60
77,106,viewed,2,2024-10-24 10:59:34.248142,5,21,-1.4125411631986842,-0.9576030415679331,Math,easy,45
36,111,completed,3,2024-10-20 10:59:34.248144,17,19,-0.7308836315021422,-1.0254683390837271,History,hard,30
72,113,viewed,4,2024-09-28 10:59:34.248147,53,33,1.3140889635874837,-0.5504112564731694,Math,easy,60
28,115,completed,4,2024-10-18 10:59:34.248149,3,0,-1.5261507518147746,-1.6701886654837697,Science,easy,45
61,114,completed,3,2024-10-13 10:59:34.248154,15,1,-0.8444932201182326,-1.6362560167258728,Literature,easy,30
35,117,viewed,1,2024-10-27 10:59:34.248156,15,11,-0.8444932201182326,-1.296929529146903,Literature,medium,60
73,106,viewed,3,2024-10-15 10:59:34.248160,49,0,1.086869786355303,-1.6701886654837697,Math,easy,45
68,115,viewed,2,2024-10-23 10:59:34.248163,52,67,1.2572841692794385,0.6032988012953281,Science,easy,45
61,106,viewed,5,2024-10-19 10:59:34.248165,17,62,-0.7308836315021422,0.4336355575058432,Math,easy,45
6,113,completed,5,2024-10-13 10:59:34.248170,30,21,0.007578694502444894,-0.9576030415679331,Math,easy,60
71,101,completed,4,2024-09-29 10:59:34.248172,19,4,-0.6172740428860519,-1.5344580704521817,Literature,hard,45
31,105,completed,5,2024-10-02 10:59:34.248174,9,29,-1.1853219859665036,-0.6861418515047573,History,hard,30
44,105,completed,4,2024-09-27 10:59:34.248177,38,2,0.4620170489668062,-1.6023233679679758,History,hard,30
13,110,completed,1,2024-09-28 10:59:34.248182,32,96,0.12118828311853522,1.5873456152743406,Science,easy,30
28,105,viewed,4,2024-10-26 10:59:34.248184,37,30,0.40521225465876104,-0.6522092027468602,History,hard,30
16,107,completed,2,2024-10-22 10:59:34.248186,12,72,-1.014907603042368,0.772962045084813,Literature,medium,60
76,113,completed,2,2024-10-26 10:59:34.248189,25,72,-0.27644527703778093,0.772962045084813,Math,easy,60
76,116,completed,4,2024-10-21 10:59:34.248191,14,20,-0.9012980144262778,-0.9915356903258301,Literature,medium,15
57,102,completed,4,2024-10-20 10:59:34.248196,27,45,-0.1628356884216906,-0.14321947137840552,History,medium,45
95,109,completed,3,2024-10-16 10:59:34.248198,55,77,1.427698552203574,0.942625288874298,Literature,medium,30
29,105,viewed,5,2024-09-30 10:59:34.248200,43,14,0.746041020507032,-1.195131582873212,History,hard,30
21,116,viewed,5,2024-10-20 10:59:34.248207,22,42,-0.4468596599619164,-0.24501741765209648,Literature,medium,15
33,115,viewed,4,2024-10-25 10:59:34.248210,4,5,-1.4693459575067294,-1.5005254216942847,Science,easy,45
93,118,viewed,3,2024-10-13 10:59:34.248212,26,54,-0.21964048272973577,0.16217436744266733,History,easy,45
87,107,completed,5,2024-09-27 10:59:34.248214,53,51,1.3140889635874837,0.060376421168976374,Literature,medium,60
77,110,viewed,3,2024-09-28 10:59:34.248217,55,73,1.427698552203574,0.80689469384271,Science,easy,30
9,102,completed,5,2024-10-15 10:59:34.248219,3,72,-1.5261507518147746,0.772962045084813,History,medium,45
5,113,viewed,1,2024-10-13 10:59:34.248222,5,22,-1.4125411631986842,-0.9236703928100362,Math,easy,60
35,120,viewed,4,2024-10-17 10:59:34.248224,16,96,-0.7876884258101874,1.5873456152743406,Literature,hard,60
48,101,viewed,3,2024-09-28 10:59:34.248226,54,54,1.370893757895529,0.16217436744266733,Literature,hard,45
21,107,viewed,1,2024-10-23 10:59:34.248228,1,96,-1.639760340430865,1.5873456152743406,Literature,medium,60
52,112,completed,3,2024-10-04 10:59:34.248231,18,92,-0.6740788371940971,1.4516150202427527,Science,medium,45
16,102,viewed,3,2024-10-23 10:59:34.248233,32,34,0.12118828311853522,-0.5164786077152723,History,medium,45
85,106,completed,5,2024-10-15 10:59:34.248235,35,44,0.2916026660426707,-0.1771521201363025,Math,easy,45
46,106,viewed,2,2024-10-22 10:59:34.248240,31,92,0.06438348881049005,1.4516150202427527,Math,easy,45
75,111,completed,4,2024-10-19 10:59:34.248242,19,0,-0.6172740428860519,-1.6701886654837697,History,hard,30
61,102,viewed,4,2024-10-01 10:59:34.248245,59,68,1.6549177294357547,0.6372314500532251,History,medium,45
89,102,viewed,1,2024-10-12 10:59:34.248249,8,56,-1.2421267802745486,0.2300396649584613,History,medium,45
62,109,completed,3,2024-09-27 10:59:34.248252,39,47,0.5188218432748514,-0.07535417386261156,Literature,medium,30
49,103,completed,4,2024-10-16 10:59:34.248254,32,4,0.12118828311853522,-1.5344580704521817,Literature,hard,60
64,103,viewed,3,2024-10-09 10:59:34.248256,24,24,-0.33325007134582607,-0.8558050952942422,Literature,hard,60
6,104,viewed,2,2024-10-16 10:59:34.248263,48,34,1.0300649920472578,-0.5164786077152723,Math,medium,45
22,119,completed,4,2024-10-07 10:59:34.248266,24,89,-0.33325007134582607,1.3498170739690618,Math,easy,45
89,112,viewed,1,2024-10-10 10:59:34.248268,50,60,1.1436745806633482,0.3657702599900492,Science,medium,45
43,102,viewed,4,2024-10-13 10:59:34.248270,31,93,0.06438348881049005,1.4855476690006497,History,medium,45
11,108,viewed,1,2024-10-01 10:59:34.248273,4,96,-1.4693459575067294,1.5873456152743406,History,medium,60
97,108,completed,1,2024-10-18 10:59:34.248275,47,51,0.9732601977392127,0.060376421168976374,History,medium,60
86,117,viewed,4,2024-10-08 10:59:34.248277,12,67,-1.014907603042368,0.6032988012953281,Literature,medium,60
16,109,viewed,4,2024-10-13 10:59:34.248279,2,4,-1.5829555461228197,-1.5344580704521817,Literature,medium,30
77,113,viewed,2,2024-10-17 10:59:34.248282,8,72,-1.2421267802745486,0.772962045084813,Math,easy,60
47,117,viewed,3,2024-10-22 10:59:34.248285,4,1,-1.4693459575067294,-1.6362560167258728,Literature,medium,60
95,115,completed,3,2024-10-09 10:59:34.248287,50,1,1.1436745806633482,-1.6362560167258728,Science,easy,45
45,106,completed,1,2024-10-14 10:59:34.248291,53,65,1.3140889635874837,0.5354335037795341,Math,easy,45
71,117,completed,1,2024-10-27 10:59:34.248294,46,64,0.9164554034311675,0.5015008550216371,Literature,medium,60
67,118,viewed,4,2024-10-14 10:59:34.248296,46,24,0.9164554034311675,-0.8558050952942422,History,easy,45
12,114,completed,3,2024-10-23 10:59:34.248301,33,89,0.17799307742658038,1.3498170739690618,Literature,easy,30
4,101,viewed,2,2024-10-22 10:59:34.248303,16,61,-0.7876884258101874,0.3997029087479462,Literature,hard,45
73,111,viewed,5,2024-10-25 10:59:34.248308,4,47,-1.4693459575067294,-0.07535417386261156,History,hard,30
48,104,completed,2,2024-10-25 10:59:34.248310,6,20,-1.355736368890639,-0.9915356903258301,Math,medium,45
96,111,completed,3,2024-10-21 10:59:34.248313,55,4,1.427698552203574,-1.5344580704521817,History,hard,30
2,102,completed,3,2024-10-25 10:59:34.248315,39,62,0.5188218432748514,0.4336355575058432,History,medium,45
27,107,completed,5,2024-10-19 10:59:34.248318,8,35,-1.2421267802745486,-0.48254595895737534,Literature,medium,60
33,103,viewed,4,2024-10-07 10:59:34.248320,2,67,-1.5829555461228197,0.6032988012953281,Literature,hard,60
54,119,completed,1,2024-10-19 10:59:34.248322,21,14,-0.5036644542699615,-1.195131582873212,Math,easy,45
41,104,viewed,3,2024-10-09 10:59:34.248326,32,98,0.12118828311853522,1.6552109127901347,Math,medium,45
5,109,completed,2,2024-10-09 10:59:34.248329,34,54,0.23479787173462555,0.16217436744266733,Literature,medium,30
94,108,completed,2,2024-10-21 10:59:34.248331,35,13,0.2916026660426707,-1.229064231631109,History,medium,60
96,120,viewed,4,2024-09-30 10:59:34.248333,51,31,1.2004793749713933,-0.6182765539889633,Literature,hard,60
38,106,completed,1,2024-10-16 10:59:34.248336,15,4,-0.8444932201182326,-1.5344580704521817,Math,easy,45
39,110,completed,5,2024-10-02 10:59:34.248340,2,51,-1.5829555461228197,0.060376421168976374,Science,easy,30
82,120,completed,5,2024-10-18 10:59:34.248345,3,18,-1.5261507518147746,-1.059400987841624,Literature,hard,60
38,115,viewed,2,2024-09-30 10:59:34.248347,44,31,0.8028458148150772,-0.6182765539889633,Science,easy,45
54,117,completed,1,2024-10-09 10:59:34.248350,17,64,-0.7308836315021422,0.5015008550216371,Literature,medium,60
26,114,completed,3,2024-10-19 10:59:34.248352,51,55,1.2004793749713933,0.1961070162005643,Literature,easy,30
6,119,viewed,2,2024-10-09 10:59:34.248357,59,4,1.6549177294357547,-1.5344580704521817,Math,easy,45
53,106,completed,5,2024-09-30 10:59:34.248359,27,99,-0.1628356884216906,1.6891435615480315,Math,easy,45
82,107,viewed,1,2024-10-15 10:59:34.248361,37,38,0.40521225465876104,-0.3807480126836844,Literature,medium,60
51,109,viewed,3,2024-10-16 10:59:34.248364,59,36,1.6549177294357547,-0.44861331019947837,Literature,medium,30
10,115,viewed,4,2024-09-30 10:59:34.248366,46,92,0.9164554034311675,1.4516150202427527,Science,easy,45
63,104,viewed,5,2024-10-21 10:59:34.248368,59,37,1.6549177294357547,-0.4146806614415814,Math,medium,45
35,118,completed,1,2024-10-21 10:59:34.248371,20,66,-0.5604692485780067,0.5693661525374311,History,easy,45
43,110,completed,1,2024-10-08 10:59:34.248375,8,35,-1.2421267802745486,-0.48254595895737534,Science,easy,30
54,108,viewed,2,2024-09-27 10:59:34.248378,37,87,0.40521225465876104,1.2819517764532677,History,medium,60
41,114,completed,4,2024-10-13 10:59:34.248380,12,55,-1.014907603042368,0.1961070162005643,Literature,easy,30
6,111,viewed,4,2024-10-21 10:59:34.248382,46,53,0.9164554034311675,0.12824171868477033,History,hard,30
31,115,completed,5,2024-10-14 10:59:34.248385,35,10,0.2916026660426707,-1.3308621779048,Science,easy,45
66,107,viewed,3,2024-10-11 10:59:34.248387,7,80,-1.2989315745825938,1.044423235147989,Literature,medium,60
10,105,completed,1,2024-10-11 10:59:34.248389,18,48,-0.6740788371940971,-0.04142152510471457,History,hard,30
46,105,viewed,5,2024-10-10 10:59:34.248392,8,57,-1.2421267802745486,0.26397231371635826,History,hard,30
78,102,completed,5,2024-09-29 10:59:34.248396,52,83,1.2572841692794385,1.1462211814216798,History,medium,45
34,108,viewed,2,2024-09-30 10:59:34.248399,7,44,-1.2989315745825938,-0.1771521201363025,History,medium,60
40,113,viewed,2,2024-10-24 10:59:34.248401,37,12,0.40521225465876104,-1.262996880389006,Math,easy,60
35,110,viewed,5,2024-10-27 10:59:34.248404,31,52,0.06438348881049005,0.09430906992687335,Science,easy,30
95,103,completed,3,2024-09-29 10:59:34.248409,17,14,-0.7308836315021422,-1.195131582873212,Literature,hard,60
81,106,viewed,4,2024-10-23 10:59:34.248411,34,18,0.23479787173462555,-1.059400987841624,Math,easy,45
70,107,completed,1,2024-10-26 10:59:34.248413,55,98,1.427698552203574,1.6552109127901347,Literature,medium,60
48,103,completed,4,2024-10-08 10:59:34.248416,34,5,0.23479787173462555,-1.5005254216942847,Literature,hard,60
7,110,viewed,3,2024-10-12 10:59:34.248420,21,16,-0.5036644542699615,-1.127266285357418,Science,easy,30
99,106,viewed,1,2024-10-11 10:59:34.248423,55,61,1.427698552203574,0.3997029087479462,Math,easy,45
93,108,completed,2,2024-10-09 10:59:34.248425,60,32,1.7117225237437999,-0.5843439052310663,History,medium,60
96,116,viewed,2,2024-10-27 10:59:34.248427,31,89,0.06438348881049005,1.3498170739690618,Literature,medium,15
12,106,viewed,4,2024-09-28 10:59:34.248430,45,55,0.8596506091231223,0.1961070162005643,Math,easy,45
62,110,viewed,5,2024-10-13 10:59:34.248433,9,16,-1.1853219859665036,-1.127266285357418,Science,easy,30
9,105,viewed,4,2024-10-04 10:59:34.248435,49,65,1.086869786355303,0.5354335037795341,History,hard,30
18,107,completed,5,2024-10-24 10:59:34.248437,24,87,-0.33325007134582607,1.2819517764532677,Literature,medium,60
19,116,viewed,5,2024-10-23 10:59:34.248440,60,71,1.7117225237437999,0.739029396326916,Literature,medium,15
100,115,viewed,3,2024-10-11 10:59:34.248442,32,15,0.12118828311853522,-1.161198934115315,Science,easy,45
67,102,completed,3,2024-09-30 10:59:34.248444,3,70,-1.5261507518147746,0.7050967475690191,History,medium,45
88,119,completed,1,2024-10-07 10:59:34.248447,60,10,1.7117225237437999,-1.3308621779048,Math,easy,45
88,117,viewed,5,2024-10-11 10:59:34.248449,13,41,-0.9581028087343229,-0.2789500664099934,Literature,medium,60
14,107,viewed,4,2024-10-16 10:59:34.248451,54,36,1.370893757895529,-0.44861331019947837,Literature,medium,60
20,116,viewed,2,2024-10-01 10:59:34.248454,11,42,-1.0717123973504132,-0.24501741765209648,Literature,medium,15
36,105,completed,3,2024-10-22 10:59:34.248456,32,1,0.12118828311853522,-1.6362560167258728,History,hard,30
54,111,completed,2,2024-10-18 10:59:34.248458,42,23,0.6892362261989868,-0.8897377440521391,History,hard,30
94,101,viewed,2,2024-10-04 10:59:34.248461,24,61,-0.33325007134582607,0.3997029087479462,Literature,hard,45
73,109,completed,3,2024-10-23 10:59:34.248463,59,92,1.6549177294357547,1.4516150202427527,Literature,medium,30
70,109,viewed,1,2024-10-22 10:59:34.248465,3,5,-1.5261507518147746,-1.5005254216942847,Literature,medium,30
82,109,completed,5,2024-10-14 10:59:34.248468,41,21,0.6324314318909416,-0.9576030415679331,Literature,medium,30
18,104,viewed,5,2024-10-23 10:59:34.248472,55,46,1.427698552203574,-0.10928682262050854,Math,medium,45
56,117,completed,4,2024-09-27 10:59:34.248475,1,0,-1.639760340430865,-1.6701886654837697,Literature,medium,60
1,107,viewed,3,2024-10-15 10:59:34.248477,31,15,0.06438348881049005,-1.161198934115315,Literature,medium,60
84,118,viewed,5,2024-10-24 10:59:34.248480,38,36,0.4620170489668062,-0.44861331019947837,History,easy,45
33,111,viewed,4,2024-10-07 10:59:34.248482,30,71,0.007578694502444894,0.739029396326916,History,hard,30
64,101,viewed,5,2024-09-29 10:59:34.248484,40,74,0.5756266375828966,0.840827342600607,Literature,hard,45
7,108,viewed,2,2024-10-06 10:59:34.248487,41,4,0.6324314318909416,-1.5344580704521817,History,medium,60
6,107,completed,1,2024-10-07 10:59:34.248489,8,15,-1.2421267802745486,-1.161198934115315,Literature,medium,60
12,109,viewed,2,2024-09-30 10:59:34.248491,51,6,1.2004793749713933,-1.466592772936388,Literature,medium,30
70,112,completed,2,2024-10-02 10:59:34.248494,32,86,0.12118828311853522,1.2480191276953707,Science,medium,45
39,108,viewed,4,2024-10-16 10:59:34.248498,59,54,1.6549177294357547,0.16217436744266733,History,medium,60
21,115,completed,4,2024-09-28 10:59:34.248501,45,9,0.8596506091231223,-1.3647948266626968,Science,easy,45
96,107,completed,5,2024-09-27 10:59:34.248503,5,82,-1.4125411631986842,1.1122885326637828,Literature,medium,60
6,114,completed,1,2024-10-14 10:59:34.248505,20,73,-0.5604692485780067,0.80689469384271,Literature,easy,30
83,108,completed,5,2024-10-02 10:59:34.248508,49,55,1.086869786355303,0.1961070162005643,History,medium,60
58,117,completed,4,2024-10-04 10:59:34.248510,52,83,1.2572841692794385,1.1462211814216798,Literature,medium,60
60,110,completed,2,2024-10-17 10:59:34.248515,58,88,1.5981129351277095,1.3158844252111648,Science,easy,30
33,102,viewed,2,2024-10-14 10:59:34.248517,28,14,-0.10603089411364543,-1.195131582873212,History,medium,45
41,109,viewed,3,2024-10-27 10:59:34.248519,44,91,0.8028458148150772,1.4176823714848557,Literature,medium,30
24,118,viewed,2,2024-10-04 10:59:34.248522,2,84,-1.5829555461228197,1.1801538301795769,History,easy,45
91,101,completed,5,2024-10-27 10:59:34.248524,38,14,0.4620170489668062,-1.195131582873212,Literature,hard,45
52,108,viewed,3,2024-10-24 10:59:34.248527,49,49,1.086869786355303,-0.0074888763468175905,History,medium,60
69,113,viewed,3,2024-09-30 10:59:34.248529,23,2,-0.39005486565387126,-1.6023233679679758,Math,easy,60
84,103,completed,5,2024-10-19 10:59:34.248534,23,25,-0.39005486565387126,-0.8218724465363452,Literature,hard,60
79,119,completed,2,2024-10-19 10:59:34.248536,49,14,1.086869786355303,-1.195131582873212,Math,easy,45
81,110,completed,4,2024-10-09 10:59:34.248539,35,38,0.2916026660426707,-0.3807480126836844,Science,easy,30
51,113,viewed,3,2024-10-03 10:59:34.248546,24,43,-0.33325007134582607,-0.2110847688941995,Math,easy,60
35,107,viewed,5,2024-10-05 10:59:34.248548,15,16,-0.8444932201182326,-1.127266285357418,Literature,medium,60
79,104,viewed,2,2024-10-07 10:59:34.248552,27,3,-0.1628356884216906,-1.5683907192100788,Math,medium,45
12,108,viewed,1,2024-10-16 10:59:34.248555,51,91,1.2004793749713933,1.4176823714848557,History,medium,60
9,119,viewed,1,2024-10-07 10:59:34.248557,58,12,1.5981129351277095,-1.262996880389006,Math,easy,45
34,118,viewed,2,2024-10-11 10:59:34.248559,40,42,0.5756266375828966,-0.24501741765209648,History,easy,45
30,107,viewed,5,2024-09-30 10:59:34.248562,53,43,1.3140889635874837,-0.2110847688941995,Literature,medium,60
43,109,viewed,3,2024-10-22 10:59:34.248564,23,60,-0.39005486565387126,0.3657702599900492,Literature,medium,30
87,116,completed,2,2024-09-27 10:59:34.248566,48,48,1.0300649920472578,-0.04142152510471457,Literature,medium,15
23,116,completed,1,2024-10-22 10:59:34.248569,58,93,1.5981129351277095,1.4855476690006497,Literature,medium,15
97,110,completed,4,2024-10-18 10:59:34.248571,47,60,0.9732601977392127,0.3657702599900492,Science,easy,30
96,103,completed,4,2024-10-08 10:59:34.248574,49,47,1.086869786355303,-0.07535417386261156,Literature,hard,60
86,119,completed,1,2024-10-09 10:59:34.248576,51,44,1.2004793749713933,-0.1771521201363025,Math,easy,45
24,108,viewed,2,2024-10-01 10:59:34.248578,40,67,0.5756266375828966,0.6032988012953281,History,medium,60
29,117,completed,1,2024-10-18 10:59:34.248581,38,65,0.4620170489668062,0.5354335037795341,Literature,medium,60
44,106,completed,3,2024-10-06 10:59:34.248583,33,94,0.17799307742658038,1.5194803177585465,Math,easy,45
59,108,completed,4,2024-10-23 10:59:34.248585,56,40,1.484503346511619,-0.31288271516789046,History,medium,60
45,109,completed,5,2024-10-18 10:59:34.248588,9,70,-1.1853219859665036,0.7050967475690191,Literature,medium,30
49,101,completed,1,2024-10-26 10:59:34.248590,25,91,-0.27644527703778093,1.4176823714848557,Literature,hard,45
34,113,viewed,1,2024-10-25 10:59:34.248592,38,66,0.4620170489668062,0.5693661525374311,Math,easy,60
22,105,viewed,1,2024-10-23 10:59:34.248597,6,92,-1.355736368890639,1.4516150202427527,History,hard,30
34,116,viewed,2,2024-10-03 10:59:34.248599,45,1,0.8596506091231223,-1.6362560167258728,Literature,medium,15
81,108,viewed,3,2024-10-05 10:59:34.248601,28,62,-0.10603089411364543,0.4336355575058432,History,medium,60
53,103,completed,1,2024-10-27 10:59:34.248611,5,97,-1.4125411631986842,1.6212782640322376,Literature,hard,60
42,108,completed,3,2024-10-09 10:59:34.248613,13,90,-0.9581028087343229,1.3837497227269586,History,medium,60
42,112,viewed,2,2024-10-05 10:59:34.248615,12,88,-1.014907603042368,1.3158844252111648,Science,medium,45
7,114,viewed,1,2024-09-28 10:59:34.248618,25,22,-0.27644527703778093,-0.9236703928100362,Literature,easy,30
3,114,viewed,3,2024-10-14 10:59:34.248620,17,42,-0.7308836315021422,-0.24501741765209648,Literature,easy,30
69,109,viewed,4,2024-10-03 10:59:34.248622,22,85,-0.4468596599619164,1.2140864789374737,Literature,medium,30
67,117,viewed,2,2024-10-10 10:59:34.248625,53,79,1.3140889635874837,1.010490586390092,Literature,medium,60
68,103,viewed,3,2024-10-03 10:59:34.248628,42,32,0.6892362261989868,-0.5843439052310663,Literature,hard,60
22,101,completed,4,2024-10-20 10:59:34.248633,57,26,1.5413081408196643,-0.7879397977784481,Literature,hard,45
15,108,viewed,1,2024-10-07 10:59:34.248635,46,38,0.9164554034311675,-0.3807480126836844,History,medium,60
27,118,completed,5,2024-10-06 10:59:34.248638,29,1,-0.04922609980560027,-1.6362560167258728,History,easy,45
11,120,completed,3,2024-10-19 10:59:34.248640,52,53,1.2572841692794385,0.12824171868477033,Literature,hard,60
80,114,completed,5,2024-10-18 10:59:34.248645,52,81,1.2572841692794385,1.0783558839058858,Literature,easy,30
64,115,viewed,1,2024-10-10 10:59:34.248649,57,67,1.5413081408196643,0.6032988012953281,Science,easy,45
85,118,completed,4,2024-10-11 10:59:34.248651,35,10,0.2916026660426707,-1.3308621779048,History,easy,45
25,103,completed,5,2024-10-01 10:59:34.248661,24,45,-0.33325007134582607,-0.14321947137840552,Literature,hard,60
83,114,viewed,5,2024-10-10 10:59:34.248663,54,84,1.370893757895529,1.1801538301795769,Literature,easy,30
60,105,viewed,1,2024-10-17 10:59:34.248665,35,1,0.2916026660426707,-1.6362560167258728,History,hard,30
38,113,completed,5,2024-10-20 10:59:34.248668,5,40,-1.4125411631986842,-0.31288271516789046,Math,easy,60
10,108,viewed,1,2024-10-23 10:59:34.248672,57,9,1.5413081408196643,-1.3647948266626968,History,medium,60
52,106,viewed,4,2024-10-25 10:59:34.248675,56,27,1.484503346511619,-0.7540071490205512,Math,easy,45
4,115,completed,4,2024-09-29 10:59:34.248677,55,16,1.427698552203574,-1.127266285357418,Science,easy,45
32,116,viewed,2,2024-10-04 10:59:34.248679,6,83,-1.355736368890639,1.1462211814216798,Literature,medium,15
78,104,viewed,5,2024-10-05 10:59:34.248681,45,39,0.8596506091231223,-0.34681536392578743,Math,medium,45
62,105,viewed,1,2024-10-11 10:59:34.248684,50,52,1.1436745806633482,0.09430906992687335,History,hard,30
58,116,viewed,4,2024-10-23 10:59:34.248686,28,4,-0.10603089411364543,-1.5344580704521817,Literature,medium,15
77,103,completed,2,2024-10-20 10:59:34.248689,36,29,0.34840746035071585,-0.6861418515047573,Literature,hard,60
20,120,viewed,1,2024-10-20 10:59:34.248691,20,21,-0.5604692485780067,-0.9576030415679331,Literature,hard,60
47,119,viewed,2,2024-10-12 10:59:34.248693,7,54,-1.2989315745825938,0.16217436744266733,Math,easy,45
28,114,viewed,2,2024-10-07 10:59:34.248696,40,56,0.5756266375828966,0.2300396649584613,Literature,easy,30
62,107,completed,2,2024-10-23 10:59:34.248698,30,22,0.007578694502444894,-0.9236703928100362,Literature,medium,60
29,119,completed,1,2024-10-26 10:59:34.248703,32,8,0.12118828311853522,-1.3987274754205938,Math,easy,45
47,115,completed,1,2024-09-29 10:59:34.248705,4,86,-1.4693459575067294,1.2480191276953707,Science,easy,45
77,115,viewed,2,2024-10-23 10:59:34.248708,57,41,1.5413081408196643,-0.2789500664099934,Science,easy,45
52,103,completed,5,2024-09-30 10:59:34.248717,53,12,1.3140889635874837,-1.262996880389006,Literature,hard,60
95,114,viewed,3,2024-09-28 10:59:34.248719,51,1,1.2004793749713933,-1.6362560167258728,Literature,easy,30
49,109,viewed,5,2024-10-25 10:59:34.248722,6,92,-1.355736368890639,1.4516150202427527,Literature,medium,30
44,110,viewed,2,2024-10-21 10:59:34.248725,10,47,-1.1285171916584584,-0.07535417386261156,Science,easy,30
54,118,viewed,1,2024-09-29 10:59:34.248727,13,39,-0.9581028087343229,-0.34681536392578743,History,easy,45
16,120,viewed,2,2024-10-25 10:59:34.248729,53,14,1.3140889635874837,-1.195131582873212,Literature,hard,60
29,120,completed,1,2024-10-13 10:59:34.248732,19,73,-0.6172740428860519,0.80689469384271,Literature,hard,60
43,108,completed,2,2024-10-21 10:59:34.248734,52,7,1.2572841692794385,-1.4326601241784909,History,medium,60
67,101,completed,1,2024-10-22 10:59:34.248736,50,22,1.1436745806633482,-0.9236703928100362,Literature,hard,45
26,106,viewed,3,2024-10-10 10:59:34.248739,46,55,0.9164554034311675,0.1961070162005643,Math,easy,45
69,103,viewed,5,2024-10-11 10:59:34.248741,5,47,-1.4125411631986842,-0.07535417386261156,Literature,hard,60
14,120,completed,4,2024-10-14 10:59:34.248744,5,19,-1.4125411631986842,-1.0254683390837271,Literature,hard,60
49,111,viewed,4,2024-10-23 10:59:34.248748,35,64,0.2916026660426707,0.5015008550216371,History,hard,30
67,114,completed,4,2024-10-27 10:59:34.248753,29,35,-0.04922609980560027,-0.48254595895737534,Literature,easy,30
23,108,completed,4,2024-09-28 10:59:34.248755,57,53,1.5413081408196643,0.12824171868477033,History,medium,60
95,112,completed,3,2024-10-04 10:59:34.248758,14,2,-0.9012980144262778,-1.6023233679679758,Science,medium,45
54,116,viewed,5,2024-10-12 10:59:34.248760,31,96,0.06438348881049005,1.5873456152743406,Literature,medium,15
72,108,completed,3,2024-10-23 10:59:34.248762,21,71,-0.5036644542699615,0.739029396326916,History,medium,60
93,112,completed,4,2024-10-22 10:59:34.248765,32,68,0.12118828311853522,0.6372314500532251,Science,medium,45
26,113,completed,5,2024-10-18 10:59:34.248770,31,59,0.06438348881049005,0.3318376112321522,Math,easy,60
74,117,completed,1,2024-09-29 10:59:34.248772,55,60,1.427698552203574,0.3657702599900492,Literature,medium,60
28,119,completed,4,2024-10-05 10:59:34.248774,34,20,0.23479787173462555,-0.9915356903258301,Math,easy,45
87,101,viewed,2,2024-10-02 10:59:34.248779,24,79,-0.33325007134582607,1.010490586390092,Literature,hard,45
26,109,viewed,4,2024-10-23 10:59:34.248781,15,33,-0.8444932201182326,-0.5504112564731694,Literature,medium,30
15,113,completed,4,2024-10-24 10:59:34.248798,34,100,0.23479787173462555,1.7230762103059285,Math,easy,60
45,111,completed,5,2024-10-10 10:59:34.248801,55,95,1.427698552203574,1.5534129665164436,History,hard,30
25,101,completed,5,2024-10-26 10:59:34.248803,23,11,-0.39005486565387126,-1.296929529146903,Literature,hard,45
24,101,viewed,3,2024-10-01 10:59:34.248805,11,57,-1.0717123973504132,0.26397231371635826,Literature,hard,45
51,111,viewed,4,2024-10-13 10:59:34.248808,58,17,1.5981129351277095,-1.093333636599521,History,hard,30
74,109,viewed,3,2024-10-23 10:59:34.248810,24,25,-0.33325007134582607,-0.8218724465363452,Literature,medium,30
24,114,viewed,4,2024-10-27 10:59:34.248812,3,97,-1.5261507518147746,1.6212782640322376,Literature,easy,30
91,116,viewed,3,2024-10-04 10:59:34.248815,6,2,-1.355736368890639,-1.6023233679679758,Literature,medium,15
45,120,completed,4,2024-09-28 10:59:34.248817,56,29,1.484503346511619,-0.6861418515047573,Literature,hard,60
73,104,completed,2,2024-10-15 10:59:34.248820,20,86,-0.5604692485780067,1.2480191276953707,Math,medium,45
25,113,viewed,1,2024-10-23 10:59:34.248822,13,65,-0.9581028087343229,0.5354335037795341,Math,easy,60
41,105,viewed,2,2024-09-30 10:59:34.248824,11,53,-1.0717123973504132,0.12824171868477033,History,hard,30
86,112,completed,3,2024-09-30 10:59:34.248827,25,3,-0.27644527703778093,-1.5683907192100788,Science,medium,45
63,103,viewed,5,2024-10-25 10:59:34.248829,57,57,1.5413081408196643,0.26397231371635826,Literature,hard,60
77,114,completed,5,2024-10-17 10:59:34.248833,48,47,1.0300649920472578,-0.07535417386261156,Literature,easy,30
29,110,completed,2,2024-10-03 10:59:34.248838,56,92,1.484503346511619,1.4516150202427527,Science,easy,30
16,115,viewed,1,2024-10-25 10:59:34.248840,56,18,1.484503346511619,-1.059400987841624,Science,easy,45
60,112,viewed,2,2024-10-18 10:59:34.248845,58,93,1.5981129351277095,1.4855476690006497,Science,medium,45
21,105,viewed,2,2024-10-20 10:59:34.248847,44,74,0.8028458148150772,0.840827342600607,History,hard,30
94,116,completed,3,2024-10-05 10:59:34.248852,50,50,1.1436745806633482,0.026443772411079394,Literature,medium,15
19,106,completed,4,2024-10-08 10:59:34.248854,30,68,0.007578694502444894,0.6372314500532251,Math,easy,45
74,113,viewed,1,2024-10-25 10:59:34.248859,17,26,-0.7308836315021422,-0.7879397977784481,Math,easy,60
19,112,viewed,3,2024-10-08 10:59:34.248865,17,77,-0.7308836315021422,0.942625288874298,Science,medium,45
97,118,viewed,3,2024-10-10 10:59:34.248875,51,75,1.2004793749713933,0.8747599913585039,History,easy,45
52,120,viewed,2,2024-10-05 10:59:34.248877,59,45,1.6549177294357547,-0.14321947137840552,Literature,hard,60
20,107,viewed,1,2024-10-10 10:59:34.248879,36,53,0.34840746035071585,0.12824171868477033,Literature,medium,60
53,114,viewed,1,2024-10-19 10:59:34.248882,23,90,-0.39005486565387126,1.3837497227269586,Literature,easy,30
12,101,completed,2,2024-09-28 10:59:34.248889,2,6,-1.5829555461228197,-1.466592772936388,Literature,hard,45
5,114,completed,5,2024-10-13 10:59:34.248892,6,0,-1.355736368890639,-1.6701886654837697,Literature,easy,30
26,110,completed,1,2024-10-24 10:59:34.248894,15,62,-0.8444932201182326,0.4336355575058432,Science,easy,30
33,105,viewed,1,2024-10-21 10:59:34.248932,57,14,1.5413081408196643,-1.195131582873212,History,hard,30
88,106,completed,1,2024-10-20 10:59:34.248934,30,45,0.007578694502444894,-0.14321947137840552,Math,easy,45
98,107,viewed,5,2024-10-11 10:59:34.248936,45,23,0.8596506091231223,-0.8897377440521391,Literature,medium,60
79,109,completed,2,2024-09-27 10:59:34.248939,48,7,1.0300649920472578,-1.4326601241784909,Literature,medium,30
100,109,viewed,1,2024-10-27 10:59:34.248946,16,96,-0.7876884258101874,1.5873456152743406,Literature,medium,30
63,111,completed,4,2024-10-19 10:59:34.248949,5,45,-1.4125411631986842,-0.14321947137840552,History,hard,30
78,107,completed,3,2024-10-26 10:59:34.248951,31,26,0.06438348881049005,-0.7879397977784481,Literature,medium,60
47,114,completed,2,2024-09-30 10:59:34.248955,4,64,-1.4693459575067294,0.5015008550216371,Literature,easy,30
7,118,completed,5,2024-10-07 10:59:34.248958,33,5,0.17799307742658038,-1.5005254216942847,History,easy,45
14,105,completed,3,2024-09-28 10:59:34.248960,48,49,1.0300649920472578,-0.0074888763468175905,History,hard,30
87,111,viewed,2,2024-10-21 10:59:34.248963,1,51,-1.639760340430865,0.060376421168976374,History,hard,30
23,114,viewed,1,2024-10-11 10:59:34.248965,7,60,-1.2989315745825938,0.3657702599900492,Literature,easy,30
8,111,viewed,1,2024-10-17 10:59:34.248967,58,39,1.5981129351277095,-0.34681536392578743,History,hard,30
57,112,completed,1,2024-10-13 10:59:34.248970,7,2,-1.2989315745825938,-1.6023233679679758,Science,medium,45
80,117,completed,5,2024-10-16 10:59:34.248972,48,12,1.0300649920472578,-1.262996880389006,Literature,medium,60
27,115,viewed,5,2024-10-03 10:59:34.248974,24,52,-0.33325007134582607,0.09430906992687335,Science,easy,45
34,104,viewed,2,2024-10-02 10:59:34.248977,37,45,0.40521225465876104,-0.14321947137840552,Math,medium,45
2,106,viewed,1,2024-10-27 10:59:34.249032,17,21,-0.7308836315021422,-0.9576030415679331,Math,easy,45
63,107,viewed,2,2024-09-28 10:59:34.249034,7,0,-1.2989315745825938,-1.6701886654837697,Literature,medium,60
39,105,viewed,4,2024-10-25 10:59:34.249037,50,83,1.1436745806633482,1.1462211814216798,History,hard,30
46,117,viewed,2,2024-10-21 10:59:34.249039,36,75,0.34840746035071585,0.8747599913585039,Literature,medium,60
85,116,completed,2,2024-10-02 10:59:34.249043,17,34,-0.7308836315021422,-0.5164786077152723,Literature,medium,15
34,114,viewed,5,2024-10-23 10:59:34.249046,29,70,-0.04922609980560027,0.7050967475690191,Literature,easy,30
12,105,viewed,4,2024-10-02 10:59:34.249048,5,90,-1.4125411631986842,1.3837497227269586,History,hard,30
6,108,completed,1,2024-10-08 10:59:34.249051,59,28,1.6549177294357547,-0.7200745002626542,History,medium,60
47,102,viewed,2,2024-10-23 10:59:34.249055,8,17,-1.2421267802745486,-1.093333636599521,History,medium,45
70,105,viewed,2,2024-10-24 10:59:34.249057,4,24,-1.4693459575067294,-0.8558050952942422,History,hard,30
84,104,completed,4,2024-10-21 10:59:34.249060,11,22,-1.0717123973504132,-0.9236703928100362,Math,medium,45
17,108,completed,2,2024-10-13 10:59:34.249062,36,19,0.34840746035071585,-1.0254683390837271,History,medium,60
79,106,completed,1,2024-10-25 10:59:34.249065,26,93,-0.21964048272973577,1.4855476690006497,Math,easy,45
79,116,completed,2,2024-10-03 10:59:34.249067,24,19,-0.33325007134582607,-1.0254683390837271,Literature,medium,15
98,115,viewed,5,2024-09-27 10:59:34.249069,8,88,-1.2421267802745486,1.3158844252111648,Science,easy,45
37,108,viewed,2,2024-10-24 10:59:34.249072,14,39,-0.9012980144262778,-0.34681536392578743,History,medium,60
35,111,viewed,3,2024-10-12 10:59:34.249074,3,0,-1.5261507518147746,-1.6701886654837697,History,hard,30
40,116,completed,2,2024-10-02 10:59:34.249079,41,86,0.6324314318909416,1.2480191276953707,Literature,medium,15
10,103,viewed,4,2024-10-07 10:59:34.249083,5,76,-1.4125411631986842,0.9086926401164009,Literature,hard,60
67,119,viewed,2,2024-10-25 10:59:34.249086,6,27,-1.355736368890639,-0.7540071490205512,Math,easy,45
12,102,viewed,2,2024-10-05 10:59:34.249091,46,66,0.9164554034311675,0.5693661525374311,History,medium,45
91,115,completed,3,2024-10-02 10:59:34.249093,60,88,1.7117225237437999,1.3158844252111648,Science,easy,45
33,117,viewed,2,2024-10-11 10:59:34.249095,7,46,-1.2989315745825938,-0.10928682262050854,Literature,medium,60
9,120,viewed,1,2024-10-06 10:59:34.249098,44,5,0.8028458148150772,-1.5005254216942847,Literature,hard,60
15,115,completed,2,2024-10-20 10:59:34.249100,40,36,0.5756266375828966,-0.44861331019947837,Science,easy,45
44,119,viewed,3,2024-10-10 10:59:34.249102,36,61,0.34840746035071585,0.3997029087479462,Math,easy,45
60,107,viewed,5,2024-09-28 10:59:34.249105,53,89,1.3140889635874837,1.3498170739690618,Literature,medium,60
95,118,viewed,5,2024-10-09 10:59:34.249107,23,6,-0.39005486565387126,-1.466592772936388,History,easy,45
55,116,completed,3,2024-10-14 10:59:34.249110,15,62,-0.8444932201182326,0.4336355575058432,Literature,medium,15
23,113,viewed,2,2024-10-27 10:59:34.249117,10,6,-1.1285171916584584,-1.466592772936388,Math,easy,60
37,112,viewed,5,2024-10-08 10:59:34.249119,55,68,1.427698552203574,0.6372314500532251,Science,medium,45
72,101,viewed,5,2024-10-11 10:59:34.249122,55,76,1.427698552203574,0.9086926401164009,Literature,hard,45
15,106,completed,4,2024-10-24 10:59:34.249124,23,81,-0.39005486565387126,1.0783558839058858,Math,easy,45
30,106,viewed,2,2024-10-22 10:59:34.249127,36,79,0.34840746035071585,1.010490586390092,Math,easy,45
24,112,viewed,1,2024-10-09 10:59:34.249129,48,2,1.0300649920472578,-1.6023233679679758,Science,medium,45
82,114,completed,2,2024-09-29 10:59:34.249134,40,77,0.5756266375828966,0.942625288874298,Literature,easy,30
8,116,viewed,5,2024-10-27 10:59:34.249136,23,98,-0.39005486565387126,1.6552109127901347,Literature,medium,15
95,113,completed,1,2024-10-21 10:59:34.249139,37,55,0.40521225465876104,0.1961070162005643,Math,easy,60
80,116,completed,2,2024-10-05 10:59:34.249141,55,48,1.427698552203574,-0.04142152510471457,Literature,medium,15
29,112,completed,1,2024-10-23 10:59:34.249146,22,75,-0.4468596599619164,0.8747599913585039,Science,medium,45
24,116,viewed,3,2024-10-17 10:59:34.249148,53,88,1.3140889635874837,1.3158844252111648,Literature,medium,15
85,119,viewed,4,2024-10-24 10:59:34.249153,16,80,-0.7876884258101874,1.044423235147989,Math,easy,45
70,115,completed,5,2024-09-29 10:59:34.249155,18,85,-0.6740788371940971,1.2140864789374737,Science,easy,45
66,117,completed,4,2024-10-27 10:59:34.249160,10,39,-1.1285171916584584,-0.34681536392578743,Literature,medium,60
5,103,completed,5,2024-09-28 10:59:34.249164,4,81,-1.4693459575067294,1.0783558839058858,Literature,hard,60
37,102,completed,4,2024-10-10 10:59:34.249169,52,12,1.2572841692794385,-1.262996880389006,History,medium,45
52,115,completed,1,2024-09-29 10:59:34.249172,29,96,-0.04922609980560027,1.5873456152743406,Science,easy,45
76,104,viewed,1,2024-10-15 10:59:34.249176,58,67,1.5981129351277095,0.6032988012953281,Math,medium,45
10,118,viewed,1,2024-10-09 10:59:34.249179,23,25,-0.39005486565387126,-0.8218724465363452,History,easy,45
56,115,completed,4,2024-10-27 10:59:34.249181,7,73,-1.2989315745825938,0.80689469384271,Science,easy,45
27,113,viewed,4,2024-10-11 10:59:34.249183,35,42,0.2916026660426707,-0.24501741765209648,Math,easy,60
3,107,completed,3,2024-10-16 10:59:34.249186,4,55,-1.4693459575067294,0.1961070162005643,Literature,medium,60
30,108,viewed,1,2024-10-15 10:59:34.249188,5,82,-1.4125411631986842,1.1122885326637828,History,medium,60
2,120,viewed,4,2024-10-17 10:59:34.249190,58,25,1.5981129351277095,-0.8218724465363452,Literature,hard,60
61,107,viewed,2,2024-10-19 10:59:34.249193,12,32,-1.014907603042368,-0.5843439052310663,Literature,medium,60
28,102,viewed,3,2024-10-20 10:59:34.249195,55,43,1.427698552203574,-0.2110847688941995,History,medium,45
76,109,viewed,4,2024-10-08 10:59:34.249198,12,90,-1.014907603042368,1.3837497227269586,Literature,medium,30
79,113,viewed,5,2024-10-21 10:59:34.249200,30,67,0.007578694502444894,0.6032988012953281,Math,easy,60
37,103,completed,3,2024-10-10 10:59:34.249205,32,25,0.12118828311853522,-0.8218724465363452,Literature,hard,60
99,117,completed,4,2024-10-21 10:59:34.249209,39,67,0.5188218432748514,0.6032988012953281,Literature,medium,60
90,116,viewed,1,2024-10-22 10:59:34.249211,34,70,0.23479787173462555,0.7050967475690191,Literature,medium,15
92,116,completed,5,2024-10-21 10:59:34.249214,7,71,-1.2989315745825938,0.739029396326916,Literature,medium,15
95,105,viewed,5,2024-10-03 10:59:34.249218,24,64,-0.33325007134582607,0.5015008550216371,History,hard,30
14,118,viewed,1,2024-10-27 10:59:34.249226,8,96,-1.2421267802745486,1.5873456152743406,History,easy,45
36,102,viewed,4,2024-10-04 10:59:34.249228,45,92,0.8596506091231223,1.4516150202427527,History,medium,45
32,120,completed,5,2024-10-02 10:59:34.249230,30,90,0.007578694502444894,1.3837497227269586,Literature,hard,60
59,117,viewed,4,2024-09-29 10:59:34.249232,29,14,-0.04922609980560027,-1.195131582873212,Literature,medium,60
77,102,viewed,2,2024-10-13 10:59:34.249235,17,52,-0.7308836315021422,0.09430906992687335,History,medium,45
78,115,viewed,1,2024-10-04 10:59:34.249240,8,64,-1.2421267802745486,0.5015008550216371,Science,easy,45
58,112,viewed,5,2024-10-24 10:59:34.249242,10,20,-1.1285171916584584,-0.9915356903258301,Science,medium,45
41,118,completed,5,2024-10-10 10:59:34.249254,54,76,1.370893757895529,0.9086926401164009,History,easy,45
69,105,viewed,1,2024-09-30 10:59:34.249256,58,97,1.5981129351277095,1.6212782640322376,History,hard,30
19,102,completed,2,2024-10-03 10:59:34.249261,59,90,1.6549177294357547,1.3837497227269586,History,medium,45
83,109,completed,3,2024-10-08 10:59:34.249263,2,72,-1.5829555461228197,0.772962045084813,Literature,medium,30
34,102,completed,1,2024-09-28 10:59:34.249265,29,4,-0.04922609980560027,-1.5344580704521817,History,medium,45
81,104,viewed,1,2024-10-22 10:59:34.249268,14,13,-0.9012980144262778,-1.229064231631109,Math,medium,45
77,119,completed,4,2024-10-07 10:59:34.249270,24,30,-0.33325007134582607,-0.6522092027468602,Math,easy,45
68,105,completed,3,2024-10-25 10:59:34.249272,5,35,-1.4125411631986842,-0.48254595895737534,History,hard,30
28,110,completed,4,2024-10-10 10:59:34.249275,12,30,-1.014907603042368,-0.6522092027468602,Science,easy,30
65,109,completed,5,2024-10-13 10:59:34.249278,14,9,-0.9012980144262778,-1.3647948266626968,Literature,medium,30
90,104,completed,3,2024-10-20 10:59:34.249282,39,7,0.5188218432748514,-1.4326601241784909,Math,medium,45
9,116,completed,5,2024-10-11 10:59:34.249285,5,95,-1.4125411631986842,1.5534129665164436,Literature,medium,15
9,115,completed,3,2024-10-23 10:59:34.249287,5,73,-1.4125411631986842,0.80689469384271,Science,easy,45
51,105,completed,3,2024-10-01 10:59:34.249289,47,100,0.9732601977392127,1.7230762103059285,History,hard,30
78,109,completed,3,2024-10-02 10:59:34.249292,47,32,0.9732601977392127,-0.5843439052310663,Literature,medium,30
82,108,viewed,5,2024-10-18 10:59:34.249294,22,4,-0.4468596599619164,-1.5344580704521817,History,medium,60
48,115,completed,3,2024-10-23 10:59:34.249299,27,68,-0.1628356884216906,0.6372314500532251,Science,easy,45
48,118,viewed,2,2024-10-13 10:59:34.249302,27,5,-0.1628356884216906,-1.5005254216942847,History,easy,45
45,116,completed,4,2024-10-26 10:59:34.249304,7,85,-1.2989315745825938,1.2140864789374737,Literature,medium,15
34,119,viewed,1,2024-09-30 10:59:34.249306,45,72,0.8596506091231223,0.772962045084813,Math,easy,45
1,109,completed,2,2024-10-19 10:59:34.249309,6,28,-1.355736368890639,-0.7200745002626542,Literature,medium,30
71,108,viewed,4,2024-10-18 10:59:34.249313,59,76,1.6549177294357547,0.9086926401164009,History,medium,60
97,106,completed,4,2024-09-30 10:59:34.249316,10,97,-1.1285171916584584,1.6212782640322376,Math,easy,45
35,101,completed,3,2024-10-14 10:59:34.249318,14,58,-0.9012980144262778,0.29790496247425524,Literature,hard,45
19,117,completed,1,2024-10-24 10:59:34.249320,28,7,-0.10603089411364543,-1.4326601241784909,Literature,medium,60
27,119,viewed,5,2024-10-01 10:59:34.249323,10,54,-1.1285171916584584,0.16217436744266733,Math,easy,45
3,119,viewed,4,2024-10-21 10:59:34.249327,31,76,0.06438348881049005,0.9086926401164009,Math,easy,45
88,102,viewed,2,2024-10-12 10:59:34.249330,25,33,-0.27644527703778093,-0.5504112564731694,History,medium,45
67,115,completed,3,2024-10-01 10:59:34.249332,31,67,0.06438348881049005,0.6032988012953281,Science,easy,45
66,105,completed,1,2024-10-16 10:59:34.249335,42,58,0.6892362261989868,0.29790496247425524,History,hard,30
39,101,viewed,4,2024-10-09 10:59:34.249338,31,6,0.06438348881049005,-1.466592772936388,Literature,hard,45
69,116,viewed,5,2024-10-15 10:59:34.249340,59,25,1.6549177294357547,-0.8218724465363452,Literature,medium,15
4,110,completed,2,2024-10-21 10:59:34.249347,56,7,1.484503346511619,-1.4326601241784909,Science,easy,30
3,118,viewed,1,2024-09-28 10:59:34.249351,32,59,0.12118828311853522,0.3318376112321522,History,easy,45
37,120,viewed,3,2024-10-24 10:59:34.249358,11,31,-1.0717123973504132,-0.6182765539889633,Literature,hard,60
71,106,viewed,4,2024-09-30 10:59:34.249368,7,44,-1.2989315745825938,-0.1771521201363025,Math,easy,45
47,118,completed,3,2024-10-22 10:59:34.249370,30,43,0.007578694502444894,-0.2110847688941995,History,easy,45
57,109,completed,4,2024-10-08 10:59:34.249375,5,52,-1.4125411631986842,0.09430906992687335,Literature,medium,30
59,118,viewed,3,2024-09-28 10:59:34.249377,14,30,-0.9012980144262778,-0.6522092027468602,History,easy,45
19,114,completed,4,2024-10-13 10:59:34.249379,22,37,-0.4468596599619164,-0.4146806614415814,Literature,easy,30
49,112,viewed,1,2024-10-24 10:59:34.249382,28,34,-0.10603089411364543,-0.5164786077152723,Science,medium,45
88,105,completed,3,2024-10-20 10:59:34.249384,54,38,1.370893757895529,-0.3807480126836844,History,hard,30
79,114,completed,5,2024-10-17 10:59:34.249391,40,43,0.5756266375828966,-0.2110847688941995,Literature,easy,30
41,117,viewed,2,2024-09-30 10:59:34.249393,48,62,1.0300649920472578,0.4336355575058432,Literature,medium,60
45,105,completed,1,2024-10-25 10:59:34.249396,9,94,-1.1853219859665036,1.5194803177585465,History,hard,30
73,113,viewed,2,2024-10-23 10:59:34.249398,31,49,0.06438348881049005,-0.0074888763468175905,Math,easy,60
68,104,viewed,4,2024-10-11 10:59:34.249400,37,7,0.40521225465876104,-1.4326601241784909,Math,medium,45
60,113,completed,4,2024-10-24 10:59:34.249403,11,57,-1.0717123973504132,0.26397231371635826,Math,easy,60
14,113,completed,3,2024-10-16 10:59:34.249405,6,76,-1.355736368890639,0.9086926401164009,Math,easy,60
9,112,viewed,4,2024-10-10 10:59:34.249407,46,69,0.9164554034311675,0.671164098811122,Science,medium,45
54,109,completed,3,2024-10-04 10:59:34.249410,41,63,0.6324314318909416,0.4675682062637402,Literature,medium,30
44,101,viewed,5,2024-10-11 10:59:34.249412,27,14,-0.1628356884216906,-1.195131582873212,Literature,hard,45
59,110,completed,4,2024-10-14 10:59:34.249414,50,62,1.1436745806633482,0.4336355575058432,Science,easy,30
82,101,completed,2,2024-09-30 10:59:34.249417,5,39,-1.4125411631986842,-0.34681536392578743,Literature,hard,45
74,116,viewed,2,2024-10-27 10:59:34.249426,49,81,1.086869786355303,1.0783558839058858,Literature,medium,15
56,119,viewed,5,2024-10-11 10:59:34.249431,1,86,-1.639760340430865,1.2480191276953707,Math,easy,45
68,120,completed,5,2024-10-26 10:59:34.249439,4,3,-1.4693459575067294,-1.5683907192100788,Literature,hard,60
17,114,viewed,4,2024-10-11 10:59:34.249441,44,79,0.8028458148150772,1.010490586390092,Literature,easy,30
64,116,viewed,3,2024-10-27 10:59:34.249443,27,45,-0.1628356884216906,-0.14321947137840552,Literature,medium,15
80,110,viewed,1,2024-10-11 10:59:34.249445,5,98,-1.4125411631986842,1.6552109127901347,Science,easy,30
15,103,completed,5,2024-10-07 10:59:34.249450,5,67,-1.4125411631986842,0.6032988012953281,Literature,hard,60
1,115,viewed,3,2024-10-10 10:59:34.249453,5,40,-1.4125411631986842,-0.31288271516789046,Science,easy,45
25,105,completed,1,2024-10-10 10:59:34.249455,5,57,-1.4125411631986842,0.26397231371635826,History,hard,30
58,119,completed,3,2024-10-16 10:59:34.249457,6,47,-1.355736368890639,-0.07535417386261156,Math,easy,45
92,103,completed,2,2024-09-27 10:59:34.249460,18,4,-0.6740788371940971,-1.5344580704521817,Literature,hard,60
36,116,viewed,1,2024-10-08 10:59:34.249462,33,4,0.17799307742658038,-1.5344580704521817,Literature,medium,15
67,120,completed,3,2024-10-25 10:59:34.249464,14,93,-0.9012980144262778,1.4855476690006497,Literature,hard,60
4,113,viewed,4,2024-10-06 10:59:34.249469,40,41,0.5756266375828966,-0.2789500664099934,Math,easy,60
38,103,viewed,3,2024-10-17 10:59:34.249472,9,27,-1.1853219859665036,-0.7540071490205512,Literature,hard,60
25,114,completed,1,2024-09-27 10:59:34.249474,17,3,-0.7308836315021422,-1.5683907192100788,Literature,easy,30
93,119,completed,2,2024-10-09 10:59:34.249476,30,100,0.007578694502444894,1.7230762103059285,Math,easy,45
37,111,viewed,2,2024-10-10 10:59:34.249479,17,35,-0.7308836315021422,-0.48254595895737534,History,hard,30
10,113,completed,4,2024-10-25 10:59:34.249481,9,83,-1.1853219859665036,1.1462211814216798,Math,easy,60
55,120,viewed,3,2024-10-05 10:59:34.249483,35,77,0.2916026660426707,0.942625288874298,Literature,hard,60
10,111,viewed,5,2024-10-10 10:59:34.249486,38,81,0.4620170489668062,1.0783558839058858,History,hard,30
28,106,viewed,5,2024-10-16 10:59:34.249488,19,87,-0.6172740428860519,1.2819517764532677,Math,easy,45
55,118,viewed,1,2024-10-02 10:59:34.249492,59,54,1.6549177294357547,0.16217436744266733,History,easy,45
21,118,viewed,3,2024-10-03 10:59:34.249495,19,42,-0.6172740428860519,-0.24501741765209648,History,easy,45
14,117,viewed,5,2024-10-23 10:59:34.249502,15,76,-0.8444932201182326,0.9086926401164009,Literature,medium,60
41,111,completed,1,2024-10-22 10:59:34.249509,32,39,0.12118828311853522,-0.34681536392578743,History,hard,30
16,103,viewed,3,2024-10-04 10:59:34.249511,17,95,-0.7308836315021422,1.5534129665164436,Literature,hard,60
5,118,viewed,4,2024-09-29 10:59:34.249514,54,38,1.370893757895529,-0.3807480126836844,History,easy,45
61,119,viewed,5,2024-10-19 10:59:34.249516,48,66,1.0300649920472578,0.5693661525374311,Math,easy,45
26,108,viewed,3,2024-10-27 10:59:34.249519,18,41,-0.6740788371940971,-0.2789500664099934,History,medium,60
21,119,completed,3,2024-10-18 10:59:34.249523,28,54,-0.10603089411364543,0.16217436744266733,Math,easy,45
59,109,viewed,5,2024-10-21 10:59:34.249528,58,92,1.5981129351277095,1.4516150202427527,Literature,medium,30
47,103,viewed,2,2024-10-06 10:59:34.249530,57,55,1.5413081408196643,0.1961070162005643,Literature,hard,60
11,116,completed,1,2024-10-11 10:59:34.249533,40,59,0.5756266375828966,0.3318376112321522,Literature,medium,15
62,114,viewed,1,2024-09-28 10:59:34.249535,16,84,-0.7876884258101874,1.1801538301795769,Literature,easy,30
24,104,completed,1,2024-10-20 10:59:34.249540,44,34,0.8028458148150772,-0.5164786077152723,Math,medium,45
87,109,viewed,4,2024-10-26 10:59:34.249547,12,50,-1.014907603042368,0.026443772411079394,Literature,medium,30
5,105,viewed,4,2024-09-29 10:59:34.249549,2,99,-1.5829555461228197,1.6891435615480315,History,hard,30
40,104,viewed,1,2024-10-16 10:59:34.249552,13,5,-0.9581028087343229,-1.5005254216942847,Math,medium,45
4,116,viewed,2,2024-10-06 10:59:34.249559,6,37,-1.355736368890639,-0.4146806614415814,Literature,medium,15
79,103,viewed,1,2024-10-09 10:59:34.249561,45,37,0.8596506091231223,-0.4146806614415814,Literature,hard,60
26,120,completed,5,2024-10-15 10:59:34.249566,49,20,1.086869786355303,-0.9915356903258301,Literature,hard,60
51,114,completed,1,2024-10-19 10:59:34.249568,32,46,0.12118828311853522,-0.10928682262050854,Literature,easy,30
42,111,viewed,5,2024-10-13 10:59:34.249570,3,67,-1.5261507518147746,0.6032988012953281,History,hard,30
87,114,viewed,3,2024-10-22 10:59:34.249573,59,85,1.6549177294357547,1.2140864789374737,Literature,easy,30
60,109,viewed,5,2024-10-05 10:59:34.249576,35,73,0.2916026660426707,0.80689469384271,Literature,medium,30
6,115,completed,4,2024-10-04 10:59:34.249580,35,95,0.2916026660426707,1.5534129665164436,Science,easy,45
15,112,viewed,5,2024-10-20 10:59:34.249583,22,89,-0.4468596599619164,1.3498170739690618,Science,medium,45
7,111,completed,1,2024-10-11 10:59:34.249590,51,54,1.2004793749713933,0.16217436744266733,History,hard,30
55,103,viewed,1,2024-10-15 10:59:34.249592,3,33,-1.5261507518147746,-0.5504112564731694,Literature,hard,60
8,113,viewed,1,2024-10-18 10:59:34.249594,18,87,-0.6740788371940971,1.2819517764532677,Math,easy,60
65,104,completed,5,2024-10-13 10:59:34.249597,13,42,-0.9581028087343229,-0.24501741765209648,Math,medium,45
31,117,completed,1,2024-10-26 10:59:34.249601,11,81,-1.0717123973504132,1.0783558839058858,Literature,medium,60
70,102,completed,4,2024-10-09 10:59:34.249604,53,10,1.3140889635874837,-1.3308621779048,History,medium,45
99,112,completed,3,2024-10-23 10:59:34.249606,39,80,0.5188218432748514,1.044423235147989,Science,medium,45
38,108,viewed,2,2024-09-30 10:59:34.249608,22,69,-0.4468596599619164,0.671164098811122,History,medium,60
10,119,viewed,4,2024-10-07 10:59:34.249611,59,5,1.6549177294357547,-1.5005254216942847,Math,easy,45
45,101,viewed,3,2024-10-23 10:59:34.249615,11,85,-1.0717123973504132,1.2140864789374737,Literature,hard,45
51,102,viewed,4,2024-10-19 10:59:34.249620,35,66,0.2916026660426707,0.5693661525374311,History,medium,45
66,120,viewed,3,2024-10-03 10:59:34.249622,23,67,-0.39005486565387126,0.6032988012953281,Literature,hard,60
99,101,viewed,3,2024-09-29 10:59:34.249627,34,72,0.23479787173462555,0.772962045084813,Literature,hard,45
83,120,viewed,1,2024-10-22 10:59:34.249629,41,13,0.6324314318909416,-1.229064231631109,Literature,hard,60
31,106,completed,1,2024-09-28 10:59:34.249635,20,61,-0.5604692485780067,0.3997029087479462,Math,easy,45
2,105,viewed,3,2024-10-12 10:59:34.249637,9,7,-1.1853219859665036,-1.4326601241784909,History,hard,30
59,106,viewed,4,2024-10-04 10:59:34.249640,34,27,0.23479787173462555,-0.7540071490205512,Math,easy,45
93,106,completed,5,2024-10-11 10:59:34.249642,32,75,0.12118828311853522,0.8747599913585039,Math,easy,45
70,106,viewed,5,2024-10-12 10:59:34.249647,33,79,0.17799307742658038,1.010490586390092,Math,easy,45
5,119,completed,4,2024-10-23 10:59:34.249649,15,56,-0.8444932201182326,0.2300396649584613,Math,easy,45
83,111,completed,5,2024-10-25 10:59:34.249654,40,17,0.5756266375828966,-1.093333636599521,History,hard,30
77,120,completed,3,2024-10-04 10:59:34.249656,2,20,-1.5829555461228197,-0.9915356903258301,Literature,hard,60
50,104,completed,4,2024-10-23 10:59:34.249660,3,65,-1.5261507518147746,0.5354335037795341,Math,medium,45
37,119,completed,5,2024-10-18 10:59:34.249663,10,69,-1.1285171916584584,0.671164098811122,Math,easy,45
17,116,completed,4,2024-10-27 10:59:34.249665,33,49,0.17799307742658038,-0.0074888763468175905,Literature,medium,15
25,115,completed,4,2024-10-09 10:59:34.249667,48,17,1.0300649920472578,-1.093333636599521,Science,easy,45
95,116,completed,3,2024-09-30 10:59:34.249674,44,14,0.8028458148150772,-1.195131582873212,Literature,medium,15
95,119,viewed,2,2024-10-02 10:59:34.249679,25,75,-0.27644527703778093,0.8747599913585039,Math,easy,45
55,115,completed,1,2024-10-19 10:59:34.249681,47,84,0.9732601977392127,1.1801538301795769,Science,easy,45
83,119,viewed,4,2024-10-03 10:59:34.249684,14,58,-0.9012980144262778,0.29790496247425524,Math,easy,45
60,104,completed,3,2024-10-01 10:59:34.249686,24,43,-0.33325007134582607,-0.2110847688941995,Math,medium,45
31,112,viewed,5,2024-10-11 10:59:34.249691,50,52,1.1436745806633482,0.09430906992687335,Science,medium,45
79,115,completed,4,2024-10-15 10:59:34.249693,13,75,-0.9581028087343229,0.8747599913585039,Science,easy,45
15,110,completed,2,2024-09-27 10:59:34.249700,21,35,-0.5036644542699615,-0.48254595895737534,Science,easy,30
3,117,completed,5,2024-10-22 10:59:34.249702,41,100,0.6324314318909416,1.7230762103059285,Literature,medium,60
25,120,viewed,5,2024-10-18 10:59:34.249705,12,34,-1.014907603042368,-0.5164786077152723,Literature,hard,60
3,109,viewed,3,2024-10-14 10:59:34.249707,33,97,0.17799307742658038,1.6212782640322376,Literature,medium,30
59,116,viewed,4,2024-10-06 10:59:34.249709,24,10,-0.33325007134582607,-1.3308621779048,Literature,medium,15
6,103,viewed,3,2024-10-07 10:59:34.249711,32,7,0.12118828311853522,-1.4326601241784909,Literature,hard,60
55,117,completed,3,2024-10-23 10:59:34.249714,57,55,1.5413081408196643,0.1961070162005643,Literature,medium,60
92,115,viewed,4,2024-10-20 10:59:34.249721,21,17,-0.5036644542699615,-1.093333636599521,Science,easy,45
91,105,viewed,1,2024-10-03 10:59:34.249725,32,37,0.12118828311853522,-0.4146806614415814,History,hard,30
80,120,viewed,3,2024-10-26 10:59:34.249727,51,84,1.2004793749713933,1.1801538301795769,Literature,hard,60
40,102,viewed,3,2024-10-13 10:59:34.249730,26,84,-0.21964048272973577,1.1801538301795769,History,medium,45
64,114,completed,5,2024-09-29 10:59:34.249732,24,2,-0.33325007134582607,-1.6023233679679758,Literature,easy,30
44,107,viewed,2,2024-10-08 10:59:34.249737,39,35,0.5188218432748514,-0.48254595895737534,Literature,medium,60
83,112,viewed,2,2024-10-26 10:59:34.249741,37,44,0.40521225465876104,-0.1771521201363025,Science,medium,45
33,101,completed,3,2024-10-16 10:59:34.249746,6,89,-1.355736368890639,1.3498170739690618,Literature,hard,45
61,117,viewed,1,2024-10-27 10:59:34.249748,23,90,-0.39005486565387126,1.3837497227269586,Literature,medium,60
93,113,viewed,5,2024-10-16 10:59:34.249751,22,34,-0.4468596599619164,-0.5164786077152723,Math,easy,60
67,113,viewed,5,2024-10-25 10:59:34.249755,50,45,1.1436745806633482,-0.14321947137840552,Math,easy,60
3,120,completed,1,2024-10-24 10:59:34.249758,43,57,0.746041020507032,0.26397231371635826,Literature,hard,60
15,116,completed,5,2024-10-10 10:59:34.249760,17,2,-0.7308836315021422,-1.6023233679679758,Literature,medium,15
96,108,completed,3,2024-10-23 10:59:34.249763,34,91,0.23479787173462555,1.4176823714848557,History,medium,60
39,107,completed,2,2024-10-15 10:59:34.249765,53,10,1.3140889635874837,-1.3308621779048,Literature,medium,60
15,117,completed,1,2024-10-10 10:59:34.249770,51,8,1.2004793749713933,-1.3987274754205938,Literature,medium,60
77,104,completed,2,2024-10-19 10:59:34.249772,27,44,-0.1628356884216906,-0.1771521201363025,Math,medium,45
57,105,viewed,3,2024-10-05 10:59:34.249774,4,83,-1.4693459575067294,1.1462211814216798,History,hard,30
62,101,completed,4,2024-10-26 10:59:34.249779,45,84,0.8596506091231223,1.1801538301795769,Literature,hard,45
25,119,completed,3,2024-10-05 10:59:34.249781,10,50,-1.1285171916584584,0.026443772411079394,Math,easy,45
16,117,viewed,1,2024-10-18 10:59:34.249786,52,37,1.2572841692794385,-0.4146806614415814,Literature,medium,60
58,115,viewed,1,2024-10-15 10:59:34.249788,8,3,-1.2421267802745486,-1.5683907192100788,Science,easy,45
97,109,viewed,5,2024-10-18 10:59:34.249791,15,49,-0.8444932201182326,-0.0074888763468175905,Literature,medium,30
69,120,completed,4,2024-10-06 10:59:34.249796,10,14,-1.1285171916584584,-1.195131582873212,Literature,hard,60
47,116,completed,5,2024-10-19 10:59:34.249798,10,53,-1.1285171916584584,0.12824171868477033,Literature,medium,15
60,117,completed,2,2024-10-22 10:59:34.249800,39,87,0.5188218432748514,1.2819517764532677,Literature,medium,60
40,109,completed,5,2024-10-15 10:59:34.249803,8,71,-1.2421267802745486,0.739029396326916,Literature,medium,30
75,104,viewed,3,2024-10-11 10:59:34.249805,29,92,-0.04922609980560027,1.4516150202427527,Math,medium,45
42,103,completed,4,2024-10-17 10:59:34.249814,46,40,0.9164554034311675,-0.31288271516789046,Literature,hard,60
84,119,viewed,4,2024-10-17 10:59:34.249817,19,32,-0.6172740428860519,-0.5843439052310663,Math,easy,45
66,115,viewed,5,2024-10-27 10:59:34.249819,27,48,-0.1628356884216906,-0.04142152510471457,Science,easy,45
87,108,completed,1,2024-10-25 10:59:34.249824,32,34,0.12118828311853522,-0.5164786077152723,History,medium,60
2,110,completed,3,2024-10-16 10:59:34.249828,4,26,-1.4693459575067294,-0.7879397977784481,Science,easy,30
41,116,completed,4,2024-10-13 10:59:34.249831,21,17,-0.5036644542699615,-1.093333636599521,Literature,medium,15
80,111,completed,5,2024-10-08 10:59:34.249833,36,46,0.34840746035071585,-0.10928682262050854,History,hard,30
97,103,viewed,2,2024-10-27 10:59:34.249843,39,92,0.5188218432748514,1.4516150202427527,Literature,hard,60
69,104,viewed,3,2024-10-17 10:59:34.249845,15,44,-0.8444932201182326,-0.1771521201363025,Math,medium,45
28,112,completed,2,2024-10-04 10:59:34.249850,21,93,-0.5036644542699615,1.4855476690006497,Science,medium,45
28,120,completed,4,2024-10-20 10:59:34.249852,55,88,1.427698552203574,1.3158844252111648,Literature,hard,60
51,115,viewed,1,2024-10-11 10:59:34.249855,13,85,-0.9581028087343229,1.2140864789374737,Science,easy,45
38,118,viewed,3,2024-10-10 10:59:34.249859,41,40,0.6324314318909416,-0.31288271516789046,History,easy,45
43,115,completed,1,2024-10-23 10:59:34.249862,43,13,0.746041020507032,-1.229064231631109,Science,easy,45
85,115,completed,2,2024-10-23 10:59:34.249864,39,2,0.5188218432748514,-1.6023233679679758,Science,easy,45
31,119,viewed,2,2024-09-30 10:59:34.249866,37,81,0.40521225465876104,1.0783558839058858,Math,easy,45
32,109,viewed,5,2024-10-03 10:59:34.249869,48,86,1.0300649920472578,1.2480191276953707,Literature,medium,30
72,105,viewed,3,2024-10-16 10:59:34.249874,16,0,-0.7876884258101874,-1.6701886654837697,History,hard,30
83,115,viewed,3,2024-10-01 10:59:34.249876,42,30,0.6892362261989868,-0.6522092027468602,Science,easy,45
84,111,completed,1,2024-10-20 10:59:34.249881,45,49,0.8596506091231223,-0.0074888763468175905,History,hard,30
15,120,viewed,5,2024-10-26 10:59:34.249883,24,98,-0.33325007134582607,1.6552109127901347,Literature,hard,60
87,120,viewed,4,2024-10-07 10:59:34.249894,58,34,1.5981129351277095,-0.5164786077152723,Literature,hard,60
30,111,completed,4,2024-09-30 10:59:34.249897,57,69,1.5413081408196643,0.671164098811122,History,hard,30
96,105,viewed,2,2024-09-27 10:59:34.249899,4,48,-1.4693459575067294,-0.04142152510471457,History,hard,30
98,113,completed,5,2024-10-01 10:59:34.249904,52,78,1.2572841692794385,0.9765579376321949,Math,easy,60
89,115,viewed,4,2024-10-18 10:59:34.249909,24,50,-0.33325007134582607,0.026443772411079394,Science,easy,45
28,104,viewed,2,2024-10-08 10:59:34.249911,41,13,0.6324314318909416,-1.229064231631109,Math,medium,45
21,101,viewed,3,2024-09-27 10:59:34.249916,50,29,1.1436745806633482,-0.6861418515047573,Literature,hard,45
71,111,completed,1,2024-10-20 10:59:34.249918,51,28,1.2004793749713933,-0.7200745002626542,History,hard,30
13,120,completed,4,2024-10-13 10:59:34.249920,15,23,-0.8444932201182326,-0.8897377440521391,Literature,hard,60
85,117,completed,2,2024-09-27 10:59:34.249923,16,93,-0.7876884258101874,1.4855476690006497,Literature,medium,60
24,106,completed,2,2024-10-23 10:59:34.249925,4,74,-1.4693459575067294,0.840827342600607,Math,easy,45
64,108,completed,3,2024-10-21 10:59:34.249927,1,90,-1.639760340430865,1.3837497227269586,History,medium,60
41,107,viewed,4,2024-10-13 10:59:34.249934,53,52,1.3140889635874837,0.09430906992687335,Literature,medium,60
38,120,viewed,5,2024-10-04 10:59:34.249938,42,81,0.6892362261989868,1.0783558839058858,Literature,hard,60
22,120,viewed,5,2024-10-05 10:59:34.249943,9,55,-1.1853219859665036,0.1961070162005643,Literature,hard,60
13,115,completed,4,2024-10-01 10:59:34.249947,41,40,0.6324314318909416,-0.31288271516789046,Science,easy,45
52,101,viewed,3,2024-10-05 10:59:34.249952,14,39,-0.9012980144262778,-0.34681536392578743,Literature,hard,45
19,107,viewed,1,2024-10-07 10:59:34.249955,42,20,0.6892362261989868,-0.9915356903258301,Literature,medium,60
4,108,completed,2,2024-10-17 10:59:34.249957,56,2,1.484503346511619,-1.6023233679679758,History,medium,60
92,114,completed,2,2024-10-08 10:59:34.249959,39,51,0.5188218432748514,0.060376421168976374,Literature,easy,30
91,106,completed,5,2024-10-12 10:59:34.249964,1,61,-1.639760340430865,0.3997029087479462,Math,easy,45
2,114,viewed,4,2024-10-06 10:59:34.249969,37,54,0.40521225465876104,0.16217436744266733,Literature,easy,30
62,112,viewed,5,2024-10-21 10:59:34.249974,53,14,1.3140889635874837,-1.195131582873212,Science,medium,45
95,104,completed,5,2024-09-28 10:59:34.249976,31,10,0.06438348881049005,-1.3308621779048,Math,medium,45
20,104,completed,3,2024-10-19 10:59:34.249978,3,24,-1.5261507518147746,-0.8558050952942422,Math,medium,45
21,109,completed,2,2024-10-08 10:59:34.249985,9,59,-1.1853219859665036,0.3318376112321522,Literature,medium,30
72,104,viewed,5,2024-10-12 10:59:34.249988,16,88,-0.7876884258101874,1.3158844252111648,Math,medium,45
22,110,completed,1,2024-10-12 10:59:34.249990,6,35,-1.355736368890639,-0.48254595895737534,Science,easy,30
31,101,completed,5,2024-10-25 10:59:34.249995,1,57,-1.639760340430865,0.26397231371635826,Literature,hard,45
72,116,viewed,5,2024-10-14 10:59:34.249999,26,86,-0.21964048272973577,1.2480191276953707,Literature,medium,15
74,112,viewed,2,2024-10-08 10:59:34.250004,38,38,0.4620170489668062,-0.3807480126836844,Science,medium,45
40,105,viewed,5,2024-10-25 10:59:34.250006,36,44,0.34840746035071585,-0.1771521201363025,History,hard,30
56,108,completed,4,2024-10-24 10:59:34.250008,6,43,-1.355736368890639,-0.2110847688941995,History,medium,60
61,104,viewed,3,2024-10-22 10:59:34.250011,35,15,0.2916026660426707,-1.161198934115315,Math,medium,45
45,102,viewed,4,2024-10-24 10:59:34.250015,36,88,0.34840746035071585,1.3158844252111648,History,medium,45
9,103,viewed,1,2024-10-11 10:59:34.250018,12,9,-1.014907603042368,-1.3647948266626968,Literature,hard,60
82,119,completed,5,2024-10-22 10:59:34.250023,8,32,-1.2421267802745486,-0.5843439052310663,Math,easy,45
48,107,viewed,4,2024-10-10 10:59:34.250025,22,79,-0.4468596599619164,1.010490586390092,Literature,medium,60
83,101,viewed,3,2024-10-06 10:59:34.250030,16,19,-0.7876884258101874,-1.0254683390837271,Literature,hard,45
39,113,viewed,4,2024-10-27 10:59:34.250038,49,77,1.086869786355303,0.942625288874298,Math,easy,60
46,111,viewed,1,2024-10-23 10:59:34.250042,11,43,-1.0717123973504132,-0.2110847688941995,History,hard,30
99,109,viewed,3,2024-10-16 10:59:34.250045,1,25,-1.639760340430865,-0.8218724465363452,Literature,medium,30
4,119,viewed,3,2024-10-05 10:59:34.250047,55,79,1.427698552203574,1.010490586390092,Math,easy,45
