user_id,lesson_id,activity_type,rating,timestamp,time_spent,quiz_score
88,107,completed,4,2024-09-27 10:59:34.247556,30,9
10,109,viewed,5,2024-10-27 10:59:34.247569,39,54
33,112,completed,5,2024-10-16 10:59:34.247572,13,83
100,108,completed,1,2024-10-02 10:59:34.247575,24,1
59,119,viewed,4,2024-10-25 10:59:34.247578,58,11
13,102,viewed,3,2024-10-16 10:59:34.247580,31,15
90,114,viewed,1,2024-10-03 10:59:34.247583,26,95
60,118,completed,3,2024-10-20 10:59:34.247585,4,24
81,105,completed,2,2024-10-19 10:59:34.247588,15,69
89,116,viewed,1,2024-10-05 10:59:34.247590,49,73
64,105,viewed,5,2024-09-28 10:59:34.247593,36,26
89,104,completed,3,2024-10-15 10:59:34.247595,12,41
93,111,viewed,4,2024-10-26 10:59:34.247598,5,91
71,120,viewed,3,2024-10-12 10:59:34.247600,35,9
69,114,completed,1,2024-10-18 10:59:34.247603,48,87
52,117,viewed,2,2024-10-11 10:59:34.247605,21,23
56,113,completed,1,2024-10-03 10:59:34.247608,24,69
55,119,viewed,3,2024-10-03 10:59:34.247610,12,6
68,101,viewed,3,2024-09-30 10:59:34.247613,21,40
4,109,completed,5,2024-10-16 10:59:34.247615,37,4
37,107,completed,1,2024-10-23 10:59:34.247618,26,80
7,115,viewed,2,2024-10-10 10:59:34.247620,6,20
71,104,viewed,2,2024-10-25 10:59:34.247623,22,27
50,114,viewed,2,2024-10-07 10:59:34.247625,32,82
46,113,completed,1,2024-10-11 10:59:34.247628,55,47
24,111,viewed,4,2024-10-01 10:59:34.247631,12,92
59,113,viewed,2,2024-10-13 10:59:34.247633,43,34
100,118,completed,3,2024-10-09 10:59:34.247636,41,77
77,109,viewed,2,2024-09-27 10:59:34.247638,57,61
74,111,completed,4,2024-10-10 10:59:34.247640,24,64
20,115,completed,5,2024-10-23 10:59:34.247643,58,3
81,112,viewed,5,2024-09-27 10:59:34.247645,39,33
89,108,completed,5,2024-10-17 10:59:34.247648,36,83
35,102,completed,1,2024-10-02 10:59:34.247650,29,74
49,119,viewed,1,2024-10-27 10:59:34.247653,17,37
21,106,viewed,4,2024-10-15 10:59:34.247655,1,21
2,118,completed,4,2024-10-25 10:59:34.247657,20,41
22,111,viewed,2,2024-10-01 10:59:34.247660,20,84
18,117,completed,3,2024-10-03 10:59:34.247662,60,68
38,111,viewed,1,2024-10-10 10:59:34.247665,12,90
23,115,completed,2,2024-10-10 10:59:34.247667,44,74
62,115,viewed,5,2024-10-15 10:59:34.247669,59,31
85,101,completed,1,2024-10-11 10:59:34.247672,42,94
42,115,viewed,1,2024-10-22 10:59:34.247674,37,0
7,103,viewed,1,2024-09-30 10:59:34.247676,29,53
76,102,viewed,3,2024-10-22 10:59:34.247679,12,78
12,120,viewed,2,2024-10-09 10:59:34.247681,11,46
84,120,completed,4,2024-10-24 10:59:34.247683,22,76
62,106,viewed,2,2024-10-16 10:59:34.247686,49,21
5,112,completed,2,2024-10-21 10:59:34.247688,15,25
96,119,viewed,5,2024-10-27 10:59:34.247690,40,36
54,107,viewed,2,2024-10-21 10:59:34.247692,50,31
40,112,completed,3,2024-10-04 10:59:34.247695,37,60
66,104,viewed,1,2024-10-08 10:59:34.247698,16,31
23,109,viewed,5,2024-10-22 10:59:34.247700,5,70
81,107,viewed,5,2024-10-26 10:59:34.247702,44,65
50,112,viewed,4,2024-09-29 10:59:34.247705,11,60
55,107,viewed,3,2024-10-03 10:59:34.247707,48,81
1,104,viewed,5,2024-10-17 10:59:34.247710,14,57
32,111,viewed,3,2024-10-20 10:59:34.247712,46,45
26,103,viewed,1,2024-10-15 10:59:34.247714,21,82
99,118,completed,3,2024-10-25 10:59:34.247717,47,100
87,115,viewed,4,2024-10-22 10:59:34.247719,20,76
18,101,viewed,1,2024-10-10 10:59:34.247721,17,97
51,118,completed,1,2024-10-25 10:59:34.247723,32,60
45,104,viewed,2,2024-10-06 10:59:34.247726,2,91
24,119,completed,4,2024-10-05 10:59:34.247729,28,48
50,114,completed,4,2024-09-27 10:59:34.247731,13,27
53,105,completed,2,2024-10-07 10:59:34.247734,16,73
30,120,viewed,5,2024-09-27 10:59:34.247736,22,81
36,115,completed,4,2024-10-11 10:59:34.247738,26,60
44,102,completed,4,2024-10-08 10:59:34.247741,48,34
90,114,completed,1,2024-10-17 10:59:34.247743,41,96
89,111,completed,4,2024-10-08 10:59:34.247745,35,79
72,118,completed,5,2024-10-03 10:59:34.247748,32,26
26,102,completed,3,2024-10-19 10:59:34.247750,31,88
82,104,completed,1,2024-10-27 10:59:34.247752,57,18
87,115,viewed,1,2024-10-10 10:59:34.247755,24,51
3,108,viewed,2,2024-10-04 10:59:34.247757,1,33
66,101,viewed,5,2024-09-29 10:59:34.247760,58,50
71,110,viewed,3,2024-10-04 10:59:34.247762,7,100
98,106,completed,4,2024-10-07 10:59:34.247765,11,22
85,102,viewed,1,2024-10-08 10:59:34.247767,22,70
93,104,viewed,2,2024-10-08 10:59:34.247769,13,52
22,111,viewed,5,2024-10-15 10:59:34.247772,10,90
20,117,viewed,2,2024-10-01 10:59:34.247774,1,32
12,113,viewed,3,2024-10-25 10:59:34.247776,29,12
69,111,viewed,2,2024-10-01 10:59:34.247779,42,98
66,118,completed,4,2024-10-13 10:59:34.247781,21,48
11,104,viewed,1,2024-10-12 10:59:34.247784,56,67
82,116,viewed,5,2024-10-23 10:59:34.247786,43,41
96,101,viewed,2,2024-10-24 10:59:34.247788,43,56
61,111,completed,1,2024-10-10 10:59:34.247791,22,24
68,110,completed,1,2024-10-08 10:59:34.247793,33,51
84,112,completed,4,2024-10-15 10:59:34.247795,43,14
37,117,viewed,4,2024-10-21 10:59:34.247798,9,8
14,112,viewed,4,2024-10-15 10:59:34.247800,38,72
11,102,viewed,3,2024-10-17 10:59:34.247803,54,51
50,109,completed,1,2024-09-28 10:59:34.247805,60,21
60,106,viewed,5,2024-10-19 10:59:34.247811,10,34
43,113,completed,1,2024-10-16 10:59:34.247813,12,95
51,103,viewed,2,2024-10-23 10:59:34.247816,18,19
94,107,viewed,1,2024-10-21 10:59:34.247818,14,19
36,108,completed,5,2024-10-17 10:59:34.247821,19,28
66,119,completed,2,2024-10-18 10:59:34.247823,51,93
78,117,completed,1,2024-10-21 10:59:34.247826,56,43
93,105,viewed,2,2024-09-28 10:59:34.247828,54,22
6,109,completed,1,2024-10-17 10:59:34.247831,42,16
62,120,viewed,5,2024-10-22 10:59:34.247833,18,7
7,116,completed,5,2024-10-13 10:59:34.247836,28,90
100,119,completed,3,2024-10-24 10:59:34.247839,24,53
87,102,viewed,4,2024-10-16 10:59:34.247841,9,37
22,117,completed,2,2024-10-14 10:59:34.247844,30,77
11,106,completed,5,2024-10-22 10:59:34.247846,59,97
39,116,viewed,2,2024-10-25 10:59:34.247849,25,34
27,103,completed,2,2024-10-24 10:59:34.247851,44,37
79,118,viewed,1,2024-09-29 10:59:34.247854,25,49
98,105,completed,1,2024-10-27 10:59:34.247856,43,76
40,101,viewed,4,2024-10-14 10:59:34.247859,54,71
91,113,completed,4,2024-10-25 10:59:34.247861,8,8
38,112,viewed,2,2024-10-13 10:59:34.247864,12,66
69,110,viewed,5,2024-10-25 10:59:34.247866,55,28
81,101,completed,1,2024-09-27 10:59:34.247868,27,44
86,114,completed,2,2024-10-14 10:59:34.247870,7,16
78,110,completed,2,2024-10-18 10:59:34.247873,47,18
98,103,viewed,5,2024-09-28 10:59:34.247875,56,17
2,115,viewed,3,2024-10-22 10:59:34.247877,26,67
85,120,viewed,2,2024-10-16 10:59:34.247880,27,66
92,104,viewed,1,2024-10-11 10:59:34.247882,32,5
11,109,completed,3,2024-10-19 10:59:34.247884,49,14
1,114,viewed,3,2024-10-04 10:59:34.247887,38,26
62,102,viewed,5,2024-10-13 10:59:34.247889,16,66
99,113,completed,3,2024-10-26 10:59:34.247892,56,75
51,107,completed,2,2024-10-20 10:59:34.247894,26,0
37,101,completed,2,2024-10-26 10:59:34.247896,38,64
21,104,viewed,2,2024-09-27 10:59:34.247899,37,21
57,118,completed,5,2024-09-27 10:59:34.247901,8,65
52,111,viewed,2,2024-10-17 10:59:34.247903,49,25
65,115,viewed,1,2024-09-28 10:59:34.247906,10,27
78,118,completed,2,2024-10-03 10:59:34.247908,5,65
92,119,viewed,5,2024-10-02 10:59:34.247911,22,71
18,114,viewed,5,2024-10-02 10:59:34.247913,5,78
85,114,completed,2,2024-10-01 10:59:34.247915,47,97
80,109,viewed,5,2024-09-27 10:59:34.247918,36,43
32,102,viewed,4,2024-10-21 10:59:34.247920,1,1
89,107,viewed,2,2024-10-13 10:59:34.247922,46,58
3,113,viewed,1,2024-10-23 10:59:34.247925,44,15
44,111,completed,1,2024-10-10 10:59:34.247927,18,75
44,113,viewed,1,2024-10-26 10:59:34.247929,58,12
60,115,viewed,5,2024-09-29 10:59:34.247932,60,84
30,113,viewed,2,2024-10-20 10:59:34.247934,8,42
1,111,viewed,3,2024-10-18 10:59:34.247937,59,26
40,115,completed,3,2024-10-27 10:59:34.247939,15,3
16,111,completed,1,2024-10-04 10:59:34.247941,56,78
34,110,viewed,5,2024-10-03 10:59:34.247943,6,9
17,112,viewed,2,2024-10-02 10:59:34.247946,27,72
20,103,completed,1,2024-10-08 10:59:34.247948,37,25
5,115,viewed,2,2024-09-29 10:59:34.247951,58,7
4,111,viewed,5,2024-09-27 10:59:34.247953,50,99
11,105,completed,3,2024-10-05 10:59:34.247955,54,0
26,115,viewed,2,2024-10-05 10:59:34.247958,34,71
66,106,viewed,5,2024-09-30 10:59:34.247960,12,86
85,101,completed,5,2024-10-10 10:59:34.247962,40,56
41,112,viewed,1,2024-10-24 10:59:34.247965,60,97
80,119,completed,1,2024-10-21 10:59:34.247967,39,29
99,110,completed,2,2024-10-11 10:59:34.247969,29,34
13,117,viewed,5,2024-10-09 10:59:34.247972,5,97
73,112,completed,1,2024-10-16 10:59:34.247974,21,37
50,119,completed,2,2024-09-28 10:59:34.247976,49,19
89,105,completed,2,2024-10-11 10:59:34.247979,47,30
94,120,completed,4,2024-10-27 10:59:34.247981,21,85
37,110,completed,2,2024-10-23 10:59:34.247983,50,44
85,114,viewed,3,2024-09-29 10:59:34.247986,4,98
71,119,completed,2,2024-09-29 10:59:34.247989,36,98
56,103,completed,5,2024-10-22 10:59:34.247991,42,2
66,110,viewed,2,2024-09-29 10:59:34.247994,37,87
53,109,completed,1,2024-10-06 10:59:34.247996,28,52
3,104,completed,4,2024-10-11 10:59:34.247998,30,44
9,114,completed,4,2024-10-20 10:59:34.248001,32,32
100,108,viewed,4,2024-10-08 10:59:34.248003,19,20
57,103,viewed,3,2024-10-01 10:59:34.248005,18,13
96,112,viewed,1,2024-10-15 10:59:34.248008,18,0
11,104,completed,4,2024-10-24 10:59:34.248010,54,33
8,114,viewed,3,2024-09-27 10:59:34.248012,20,15
54,106,completed,5,2024-10-09 10:59:34.248015,48,41
73,108,completed,3,2024-09-29 10:59:34.248017,48,27
74,110,viewed,2,2024-10-04 10:59:34.248019,57,12
87,103,viewed,4,2024-10-12 10:59:34.248022,1,95
82,103,viewed,5,2024-10-04 10:59:34.248026,39,95
6,110,viewed,2,2024-10-14 10:59:34.248029,30,36
7,120,viewed,5,2024-10-08 10:59:34.248031,8,24
46,115,completed,2,2024-10-13 10:59:34.248034,50,23
37,118,viewed,1,2024-10-25 10:59:34.248036,27,94
66,102,completed,2,2024-10-15 10:59:34.248038,60,57
28,111,completed,3,2024-09-27 10:59:34.248041,25,79
50,119,completed,5,2024-10-14 10:59:34.248043,32,68
23,112,completed,4,2024-10-19 10:59:34.248045,36,61
74,118,viewed,2,2024-10-26 10:59:34.248048,32,83
76,119,completed,2,2024-09-29 10:59:34.248050,38,44
86,111,viewed,3,2024-10-03 10:59:34.248052,22,74
99,104,completed,4,2024-10-13 10:59:34.248054,20,56
76,115,viewed,2,2024-10-15 10:59:34.248057,10,100
8,108,viewed,1,2024-10-04 10:59:34.248059,25,63
100,105,viewed,5,2024-10-09 10:59:34.248062,30,6
49,108,completed,5,2024-10-22 10:59:34.248064,7,95
20,105,viewed,5,2024-09-29 10:59:34.248067,28,62
72,120,completed,5,2024-09-29 10:59:34.248069,52,25
30,115,viewed,1,2024-10-08 10:59:34.248071,14,93
19,119,viewed,2,2024-10-15 10:59:34.248074,14,9
56,107,completed,1,2024-10-02 10:59:34.248076,42,56
14,110,viewed,3,2024-10-02 10:59:34.248078,48,91
40,101,completed,1,2024-10-23 10:59:34.248080,56,38
63,115,viewed,2,2024-09-27 10:59:34.248083,18,16
53,110,completed,1,2024-10-13 10:59:34.248085,18,91
92,105,completed,3,2024-10-08 10:59:34.248088,58,5
15,118,viewed,3,2024-10-25 10:59:34.248090,46,87
54,107,completed,2,2024-10-08 10:59:34.248092,27,35
27,112,completed,5,2024-10-06 10:59:34.248094,22,31
85,107,viewed,2,2024-10-16 10:59:34.248097,43,55
46,102,viewed,4,2024-09-27 10:59:34.248099,18,66
82,118,viewed,1,2024-10-06 10:59:34.248102,60,54
76,105,viewed,3,2024-09-29 10:59:34.248104,10,57
50,116,completed,1,2024-10-11 10:59:34.248106,19,93
42,116,viewed,3,2024-10-27 10:59:34.248109,58,40
12,119,viewed,4,2024-10-03 10:59:34.248111,4,45
10,117,viewed,5,2024-10-06 10:59:34.248113,41,69
70,110,viewed,3,2024-10-23 10:59:34.248116,6,74
77,101,viewed,5,2024-10-12 10:59:34.248118,24,24
54,120,viewed,1,2024-10-15 10:59:34.248120,42,1
6,101,viewed,2,2024-10-15 10:59:34.248123,41,61
47,113,completed,1,2024-10-16 10:59:34.248125,45,77
93,116,completed,3,2024-10-14 10:59:34.248127,60,39
93,102,completed,4,2024-09-28 10:59:34.248129,36,0
78,119,completed,2,2024-10-12 10:59:34.248133,12,54
73,110,viewed,4,2024-10-10 10:59:34.248135,28,64
15,101,viewed,1,2024-10-13 10:59:34.248138,13,71
14,103,completed,3,2024-09-28 10:59:34.248140,2,24
77,106,viewed,2,2024-10-24 10:59:34.248142,5,21
36,111,completed,3,2024-10-20 10:59:34.248144,17,19
72,113,viewed,4,2024-09-28 10:59:34.248147,53,33
28,115,completed,4,2024-10-18 10:59:34.248149,3,0
52,117,completed,1,2024-10-20 10:59:34.248151,39,71
61,114,completed,3,2024-10-13 10:59:34.248154,15,1
35,117,viewed,1,2024-10-27 10:59:34.248156,15,11
12,119,viewed,5,2024-10-15 10:59:34.248158,54,44
73,106,viewed,3,2024-10-15 10:59:34.248160,49,0
68,115,viewed,2,2024-10-23 10:59:34.248163,52,67
61,106,viewed,5,2024-10-19 10:59:34.248165,17,62
51,103,completed,3,2024-10-01 10:59:34.248167,13,64
6,113,completed,5,2024-10-13 10:59:34.248170,30,21
71,101,completed,4,2024-09-29 10:59:34.248172,19,4
31,105,completed,5,2024-10-02 10:59:34.248174,9,29
44,105,completed,4,2024-09-27 10:59:34.248177,38,2
44,113,viewed,3,2024-10-22 10:59:34.248179,13,36
13,110,completed,1,2024-09-28 10:59:34.248182,32,96
28,105,viewed,4,2024-10-26 10:59:34.248184,37,30
16,107,completed,2,2024-10-22 10:59:34.248186,12,72
76,113,completed,2,2024-10-26 10:59:34.248189,25,72
76,116,completed,4,2024-10-21 10:59:34.248191,14,20
66,106,completed,5,2024-10-20 10:59:34.248193,57,86
57,102,completed,4,2024-10-20 10:59:34.248196,27,45
95,109,completed,3,2024-10-16 10:59:34.248198,55,77
29,105,viewed,5,2024-09-30 10:59:34.248200,43,14
51,103,viewed,3,2024-10-10 10:59:34.248203,12,13
8,114,completed,2,2024-10-24 10:59:34.248205,60,7
21,116,viewed,5,2024-10-20 10:59:34.248207,22,42
33,115,viewed,4,2024-10-25 10:59:34.248210,4,5
93,118,viewed,3,2024-10-13 10:59:34.248212,26,54
87,107,completed,5,2024-09-27 10:59:34.248214,53,51
77,110,viewed,3,2024-09-28 10:59:34.248217,55,73
9,102,completed,5,2024-10-15 10:59:34.248219,3,72
5,113,viewed,1,2024-10-13 10:59:34.248222,5,22
35,120,viewed,4,2024-10-17 10:59:34.248224,16,96
48,101,viewed,3,2024-09-28 10:59:34.248226,54,54
21,107,viewed,1,2024-10-23 10:59:34.248228,1,96
52,112,completed,3,2024-10-04 10:59:34.248231,18,92
16,102,viewed,3,2024-10-23 10:59:34.248233,32,34
85,106,completed,5,2024-10-15 10:59:34.248235,35,44
82,116,completed,5,2024-10-08 10:59:34.248238,39,53
46,106,viewed,2,2024-10-22 10:59:34.248240,31,92
75,111,completed,4,2024-10-19 10:59:34.248242,19,0
61,102,viewed,4,2024-10-01 10:59:34.248245,59,68
76,119,completed,1,2024-10-20 10:59:34.248247,29,41
89,102,viewed,1,2024-10-12 10:59:34.248249,8,56
62,109,completed,3,2024-09-27 10:59:34.248252,39,47
49,103,completed,4,2024-10-16 10:59:34.248254,32,4
64,103,viewed,3,2024-10-09 10:59:34.248256,24,24
66,118,viewed,2,2024-10-15 10:59:34.248259,18,41
47,113,viewed,4,2024-10-01 10:59:34.248261,37,48
6,104,viewed,2,2024-10-16 10:59:34.248263,48,34
22,119,completed,4,2024-10-07 10:59:34.248266,24,89
89,112,viewed,1,2024-10-10 10:59:34.248268,50,60
43,102,viewed,4,2024-10-13 10:59:34.248270,31,93
11,108,viewed,1,2024-10-01 10:59:34.248273,4,96
97,108,completed,1,2024-10-18 10:59:34.248275,47,51
86,117,viewed,4,2024-10-08 10:59:34.248277,12,67
16,109,viewed,4,2024-10-13 10:59:34.248279,2,4
77,113,viewed,2,2024-10-17 10:59:34.248282,8,72
47,117,viewed,3,2024-10-22 10:59:34.248285,4,1
95,115,completed,3,2024-10-09 10:59:34.248287,50,1
35,102,viewed,3,2024-10-24 10:59:34.248289,25,14
45,106,completed,1,2024-10-14 10:59:34.248291,53,65
71,117,completed,1,2024-10-27 10:59:34.248294,46,64
67,118,viewed,4,2024-10-14 10:59:34.248296,46,24
77,101,completed,5,2024-09-27 10:59:34.248298,36,17
12,114,completed,3,2024-10-23 10:59:34.248301,33,89
4,101,viewed,2,2024-10-22 10:59:34.248303,16,61
66,118,viewed,5,2024-10-20 10:59:34.248305,22,59
73,111,viewed,5,2024-10-25 10:59:34.248308,4,47
48,104,completed,2,2024-10-25 10:59:34.248310,6,20
96,111,completed,3,2024-10-21 10:59:34.248313,55,4
2,102,completed,3,2024-10-25 10:59:34.248315,39,62
27,107,completed,5,2024-10-19 10:59:34.248318,8,35
33,103,viewed,4,2024-10-07 10:59:34.248320,2,67
54,119,completed,1,2024-10-19 10:59:34.248322,21,14
41,104,viewed,3,2024-10-09 10:59:34.248326,32,98
5,109,completed,2,2024-10-09 10:59:34.248329,34,54
94,108,completed,2,2024-10-21 10:59:34.248331,35,13
96,120,viewed,4,2024-09-30 10:59:34.248333,51,31
38,106,completed,1,2024-10-16 10:59:34.248336,15,4
80,119,completed,4,2024-10-04 10:59:34.248338,1,41
39,110,completed,5,2024-10-02 10:59:34.248340,2,51
37,118,completed,4,2024-10-25 10:59:34.248343,2,74
82,120,completed,5,2024-10-18 10:59:34.248345,3,18
38,115,viewed,2,2024-09-30 10:59:34.248347,44,31
54,117,completed,1,2024-10-09 10:59:34.248350,17,64
26,114,completed,3,2024-10-19 10:59:34.248352,51,55
3,104,viewed,2,2024-10-09 10:59:34.248354,12,92
6,119,viewed,2,2024-10-09 10:59:34.248357,59,4
53,106,completed,5,2024-09-30 10:59:34.248359,27,99
82,107,viewed,1,2024-10-15 10:59:34.248361,37,38
51,109,viewed,3,2024-10-16 10:59:34.248364,59,36
10,115,viewed,4,2024-09-30 10:59:34.248366,46,92
63,104,viewed,5,2024-10-21 10:59:34.248368,59,37
35,118,completed,1,2024-10-21 10:59:34.248371,20,66
96,111,completed,4,2024-10-04 10:59:34.248373,55,22
43,110,completed,1,2024-10-08 10:59:34.248375,8,35
54,108,viewed,2,2024-09-27 10:59:34.248378,37,87
41,114,completed,4,2024-10-13 10:59:34.248380,12,55
6,111,viewed,4,2024-10-21 10:59:34.248382,46,53
31,115,completed,5,2024-10-14 10:59:34.248385,35,10
66,107,viewed,3,2024-10-11 10:59:34.248387,7,80
10,105,completed,1,2024-10-11 10:59:34.248389,18,48
46,105,viewed,5,2024-10-10 10:59:34.248392,8,57
93,105,completed,2,2024-10-20 10:59:34.248394,16,29
78,102,completed,5,2024-09-29 10:59:34.248396,52,83
34,108,viewed,2,2024-09-30 10:59:34.248399,7,44
40,113,viewed,2,2024-10-24 10:59:34.248401,37,12
35,110,viewed,5,2024-10-27 10:59:34.248404,31,52
61,114,viewed,1,2024-10-19 10:59:34.248406,25,28
95,103,completed,3,2024-09-29 10:59:34.248409,17,14
81,106,viewed,4,2024-10-23 10:59:34.248411,34,18
70,107,completed,1,2024-10-26 10:59:34.248413,55,98
48,103,completed,4,2024-10-08 10:59:34.248416,34,5
12,113,viewed,1,2024-10-26 10:59:34.248418,29,63
7,110,viewed,3,2024-10-12 10:59:34.248420,21,16
99,106,viewed,1,2024-10-11 10:59:34.248423,55,61
93,108,completed,2,2024-10-09 10:59:34.248425,60,32
96,116,viewed,2,2024-10-27 10:59:34.248427,31,89
12,106,viewed,4,2024-09-28 10:59:34.248430,45,55
62,110,viewed,5,2024-10-13 10:59:34.248433,9,16
9,105,viewed,4,2024-10-04 10:59:34.248435,49,65
18,107,completed,5,2024-10-24 10:59:34.248437,24,87
19,116,viewed,5,2024-10-23 10:59:34.248440,60,71
100,115,viewed,3,2024-10-11 10:59:34.248442,32,15
67,102,completed,3,2024-09-30 10:59:34.248444,3,70
88,119,completed,1,2024-10-07 10:59:34.248447,60,10
88,117,viewed,5,2024-10-11 10:59:34.248449,13,41
14,107,viewed,4,2024-10-16 10:59:34.248451,54,36
20,116,viewed,2,2024-10-01 10:59:34.248454,11,42
36,105,completed,3,2024-10-22 10:59:34.248456,32,1
54,111,completed,2,2024-10-18 10:59:34.248458,42,23
94,101,viewed,2,2024-10-04 10:59:34.248461,24,61
73,109,completed,3,2024-10-23 10:59:34.248463,59,92
70,109,viewed,1,2024-10-22 10:59:34.248465,3,5
82,109,completed,5,2024-10-14 10:59:34.248468,41,21
36,108,viewed,4,2024-10-26 10:59:34.248470,27,0
18,104,viewed,5,2024-10-23 10:59:34.248472,55,46
56,117,completed,4,2024-09-27 10:59:34.248475,1,0
1,107,viewed,3,2024-10-15 10:59:34.248477,31,15
84,118,viewed,5,2024-10-24 10:59:34.248480,38,36
33,111,viewed,4,2024-10-07 10:59:34.248482,30,71
64,101,viewed,5,2024-09-29 10:59:34.248484,40,74
7,108,viewed,2,2024-10-06 10:59:34.248487,41,4
6,107,completed,1,2024-10-07 10:59:34.248489,8,15
12,109,viewed,2,2024-09-30 10:59:34.248491,51,6
70,112,completed,2,2024-10-02 10:59:34.248494,32,86
6,119,viewed,2,2024-10-13 10:59:34.248496,44,53
39,108,viewed,4,2024-10-16 10:59:34.248498,59,54
21,115,completed,4,2024-09-28 10:59:34.248501,45,9
96,107,completed,5,2024-09-27 10:59:34.248503,5,82
6,114,completed,1,2024-10-14 10:59:34.248505,20,73
83,108,completed,5,2024-10-02 10:59:34.248508,49,55
58,117,completed,4,2024-10-04 10:59:34.248510,52,83
72,118,completed,3,2024-10-20 10:59:34.248512,27,58
60,110,completed,2,2024-10-17 10:59:34.248515,58,88
33,102,viewed,2,2024-10-14 10:59:34.248517,28,14
41,109,viewed,3,2024-10-27 10:59:34.248519,44,91
24,118,viewed,2,2024-10-04 10:59:34.248522,2,84
91,101,completed,5,2024-10-27 10:59:34.248524,38,14
52,108,viewed,3,2024-10-24 10:59:34.248527,49,49
69,113,viewed,3,2024-09-30 10:59:34.248529,23,2
39,110,completed,2,2024-10-08 10:59:34.248532,18,99
84,103,completed,5,2024-10-19 10:59:34.248534,23,25
79,119,completed,2,2024-10-19 10:59:34.248536,49,14
81,110,completed,4,2024-10-09 10:59:34.248539,35,38
11,106,viewed,3,2024-10-08 10:59:34.248541,50,12
81,101,viewed,4,2024-10-13 10:59:34.248543,22,64
51,113,viewed,3,2024-10-03 10:59:34.248546,24,43
35,107,viewed,5,2024-10-05 10:59:34.248548,15,16
20,117,completed,3,2024-10-21 10:59:34.248550,34,46
79,104,viewed,2,2024-10-07 10:59:34.248552,27,3
12,108,viewed,1,2024-10-16 10:59:34.248555,51,91
9,119,viewed,1,2024-10-07 10:59:34.248557,58,12
34,118,viewed,2,2024-10-11 10:59:34.248559,40,42
30,107,viewed,5,2024-09-30 10:59:34.248562,53,43
43,109,viewed,3,2024-10-22 10:59:34.248564,23,60
87,116,completed,2,2024-09-27 10:59:34.248566,48,48
23,116,completed,1,2024-10-22 10:59:34.248569,58,93
97,110,completed,4,2024-10-18 10:59:34.248571,47,60
96,103,completed,4,2024-10-08 10:59:34.248574,49,47
86,119,completed,1,2024-10-09 10:59:34.248576,51,44
24,108,viewed,2,2024-10-01 10:59:34.248578,40,67
29,117,completed,1,2024-10-18 10:59:34.248581,38,65
44,106,completed,3,2024-10-06 10:59:34.248583,33,94
59,108,completed,4,2024-10-23 10:59:34.248585,56,40
45,109,completed,5,2024-10-18 10:59:34.248588,9,70
49,101,completed,1,2024-10-26 10:59:34.248590,25,91
34,113,viewed,1,2024-10-25 10:59:34.248592,38,66
77,106,viewed,3,2024-10-09 10:59:34.248594,16,71
22,105,viewed,1,2024-10-23 10:59:34.248597,6,92
34,116,viewed,2,2024-10-03 10:59:34.248599,45,1
81,108,viewed,3,2024-10-05 10:59:34.248601,28,62
77,109,viewed,2,2024-10-18 10:59:34.248604,26,72
80,109,completed,3,2024-09-29 10:59:34.248606,59,24
6,101,viewed,2,2024-10-15 10:59:34.248609,28,58
53,103,completed,1,2024-10-27 10:59:34.248611,5,97
42,108,completed,3,2024-10-09 10:59:34.248613,13,90
42,112,viewed,2,2024-10-05 10:59:34.248615,12,88
7,114,viewed,1,2024-09-28 10:59:34.248618,25,22
3,114,viewed,3,2024-10-14 10:59:34.248620,17,42
69,109,viewed,4,2024-10-03 10:59:34.248622,22,85
67,117,viewed,2,2024-10-10 10:59:34.248625,53,79
68,103,viewed,3,2024-10-03 10:59:34.248628,42,32
61,114,completed,4,2024-10-20 10:59:34.248631,8,67
22,101,completed,4,2024-10-20 10:59:34.248633,57,26
15,108,viewed,1,2024-10-07 10:59:34.248635,46,38
27,118,completed,5,2024-10-06 10:59:34.248638,29,1
11,120,completed,3,2024-10-19 10:59:34.248640,52,53
59,113,completed,3,2024-10-17 10:59:34.248642,1,70
80,114,completed,5,2024-10-18 10:59:34.248645,52,81
91,113,viewed,4,2024-10-04 10:59:34.248647,20,43
64,115,viewed,1,2024-10-10 10:59:34.248649,57,67
85,118,completed,4,2024-10-11 10:59:34.248651,35,10
54,107,viewed,4,2024-10-27 10:59:34.248654,39,65
36,108,viewed,2,2024-10-22 10:59:34.248656,11,94
98,105,completed,2,2024-10-25 10:59:34.248658,32,71
25,103,completed,5,2024-10-01 10:59:34.248661,24,45
83,114,viewed,5,2024-10-10 10:59:34.248663,54,84
60,105,viewed,1,2024-10-17 10:59:34.248665,35,1
38,113,completed,5,2024-10-20 10:59:34.248668,5,40
81,112,completed,1,2024-10-14 10:59:34.248670,26,26
10,108,viewed,1,2024-10-23 10:59:34.248672,57,9
52,106,viewed,4,2024-10-25 10:59:34.248675,56,27
4,115,completed,4,2024-09-29 10:59:34.248677,55,16
32,116,viewed,2,2024-10-04 10:59:34.248679,6,83
78,104,viewed,5,2024-10-05 10:59:34.248681,45,39
62,105,viewed,1,2024-10-11 10:59:34.248684,50,52
58,116,viewed,4,2024-10-23 10:59:34.248686,28,4
77,103,completed,2,2024-10-20 10:59:34.248689,36,29
20,120,viewed,1,2024-10-20 10:59:34.248691,20,21
47,119,viewed,2,2024-10-12 10:59:34.248693,7,54
28,114,viewed,2,2024-10-07 10:59:34.248696,40,56
62,107,completed,2,2024-10-23 10:59:34.248698,30,22
23,109,viewed,3,2024-10-16 10:59:34.248701,28,23
29,119,completed,1,2024-10-26 10:59:34.248703,32,8
47,115,completed,1,2024-09-29 10:59:34.248705,4,86
77,115,viewed,2,2024-10-23 10:59:34.248708,57,41
39,108,viewed,3,2024-10-20 10:59:34.248710,19,46
49,103,completed,4,2024-10-22 10:59:34.248712,31,85
98,105,completed,3,2024-10-01 10:59:34.248715,9,90
52,103,completed,5,2024-09-30 10:59:34.248717,53,12
95,114,viewed,3,2024-09-28 10:59:34.248719,51,1
49,109,viewed,5,2024-10-25 10:59:34.248722,6,92
44,110,viewed,2,2024-10-21 10:59:34.248725,10,47
54,118,viewed,1,2024-09-29 10:59:34.248727,13,39
16,120,viewed,2,2024-10-25 10:59:34.248729,53,14
29,120,completed,1,2024-10-13 10:59:34.248732,19,73
43,108,completed,2,2024-10-21 10:59:34.248734,52,7
67,101,completed,1,2024-10-22 10:59:34.248736,50,22
26,106,viewed,3,2024-10-10 10:59:34.248739,46,55
69,103,viewed,5,2024-10-11 10:59:34.248741,5,47
14,120,completed,4,2024-10-14 10:59:34.248744,5,19
69,113,viewed,3,2024-10-03 10:59:34.248746,21,96
49,111,viewed,4,2024-10-23 10:59:34.248748,35,64
78,119,viewed,3,2024-10-19 10:59:34.248750,59,12
67,114,completed,4,2024-10-27 10:59:34.248753,29,35
23,108,completed,4,2024-09-28 10:59:34.248755,57,53
95,112,completed,3,2024-10-04 10:59:34.248758,14,2
54,116,viewed,5,2024-10-12 10:59:34.248760,31,96
72,108,completed,3,2024-10-23 10:59:34.248762,21,71
93,112,completed,4,2024-10-22 10:59:34.248765,32,68
96,120,completed,1,2024-10-26 10:59:34.248767,28,29
26,113,completed,5,2024-10-18 10:59:34.248770,31,59
74,117,completed,1,2024-09-29 10:59:34.248772,55,60
28,119,completed,4,2024-10-05 10:59:34.248774,34,20
76,115,completed,4,2024-10-03 10:59:34.248777,17,58
87,101,viewed,2,2024-10-02 10:59:34.248779,24,79
26,109,viewed,4,2024-10-23 10:59:34.248781,15,33
15,113,completed,4,2024-10-24 10:59:34.248798,34,100
45,111,completed,5,2024-10-10 10:59:34.248801,55,95
25,101,completed,5,2024-10-26 10:59:34.248803,23,11
24,101,viewed,3,2024-10-01 10:59:34.248805,11,57
51,111,viewed,4,2024-10-13 10:59:34.248808,58,17
74,109,viewed,3,2024-10-23 10:59:34.248810,24,25
24,114,viewed,4,2024-10-27 10:59:34.248812,3,97
91,116,viewed,3,2024-10-04 10:59:34.248815,6,2
45,120,completed,4,2024-09-28 10:59:34.248817,56,29
73,104,completed,2,2024-10-15 10:59:34.248820,20,86
25,113,viewed,1,2024-10-23 10:59:34.248822,13,65
41,105,viewed,2,2024-09-30 10:59:34.248824,11,53
86,112,completed,3,2024-09-30 10:59:34.248827,25,3
63,103,viewed,5,2024-10-25 10:59:34.248829,57,57
77,114,completed,5,2024-10-17 10:59:34.248833,48,47
66,110,viewed,2,2024-10-25 10:59:34.248835,22,18
29,110,completed,2,2024-10-03 10:59:34.248838,56,92
16,115,viewed,1,2024-10-25 10:59:34.248840,56,18
36,111,completed,3,2024-10-07 10:59:34.248843,16,45
60,112,viewed,2,2024-10-18 10:59:34.248845,58,93
21,105,viewed,2,2024-10-20 10:59:34.248847,44,74
100,105,viewed,4,2024-10-17 10:59:34.248849,52,2
94,116,completed,3,2024-10-05 10:59:34.248852,50,50
19,106,completed,4,2024-10-08 10:59:34.248854,30,68
6,119,viewed,5,2024-10-08 10:59:34.248856,29,88
74,113,viewed,1,2024-10-25 10:59:34.248859,17,26
19,116,viewed,2,2024-09-28 10:59:34.248861,13,80
89,107,viewed,5,2024-10-09 10:59:34.248863,12,64
19,112,viewed,3,2024-10-08 10:59:34.248865,17,77
81,106,completed,5,2024-10-22 10:59:34.248868,14,18
24,119,viewed,4,2024-10-08 10:59:34.248870,54,16
64,115,completed,2,2024-10-05 10:59:34.248873,47,61
97,118,viewed,3,2024-10-10 10:59:34.248875,51,75
52,120,viewed,2,2024-10-05 10:59:34.248877,59,45
20,107,viewed,1,2024-10-10 10:59:34.248879,36,53
53,114,viewed,1,2024-10-19 10:59:34.248882,23,90
49,111,viewed,4,2024-10-20 10:59:34.248884,34,9
14,120,completed,4,2024-10-07 10:59:34.248887,34,54
12,101,completed,2,2024-09-28 10:59:34.248889,2,6
5,114,completed,5,2024-10-13 10:59:34.248892,6,0
26,110,completed,1,2024-10-24 10:59:34.248894,15,62
33,105,viewed,1,2024-10-21 10:59:34.248932,57,14
88,106,completed,1,2024-10-20 10:59:34.248934,30,45
98,107,viewed,5,2024-10-11 10:59:34.248936,45,23
79,109,completed,2,2024-09-27 10:59:34.248939,48,7
20,120,viewed,3,2024-10-24 10:59:34.248941,38,24
71,110,viewed,2,2024-09-28 10:59:34.248944,6,30
100,109,viewed,1,2024-10-27 10:59:34.248946,16,96
63,111,completed,4,2024-10-19 10:59:34.248949,5,45
78,107,completed,3,2024-10-26 10:59:34.248951,31,26
36,105,completed,1,2024-10-05 10:59:34.248953,45,15
47,114,completed,2,2024-09-30 10:59:34.248955,4,64
7,118,completed,5,2024-10-07 10:59:34.248958,33,5
14,105,completed,3,2024-09-28 10:59:34.248960,48,49
87,111,viewed,2,2024-10-21 10:59:34.248963,1,51
23,114,viewed,1,2024-10-11 10:59:34.248965,7,60
8,111,viewed,1,2024-10-17 10:59:34.248967,58,39
57,112,completed,1,2024-10-13 10:59:34.248970,7,2
80,117,completed,5,2024-10-16 10:59:34.248972,48,12
27,115,viewed,5,2024-10-03 10:59:34.248974,24,52
34,104,viewed,2,2024-10-02 10:59:34.248977,37,45
2,106,viewed,1,2024-10-27 10:59:34.249032,17,21
63,107,viewed,2,2024-09-28 10:59:34.249034,7,0
39,105,viewed,4,2024-10-25 10:59:34.249037,50,83
46,117,viewed,2,2024-10-21 10:59:34.249039,36,75
43,110,completed,2,2024-10-21 10:59:34.249041,12,4
85,116,completed,2,2024-10-02 10:59:34.249043,17,34
34,114,viewed,5,2024-10-23 10:59:34.249046,29,70
12,105,viewed,4,2024-10-02 10:59:34.249048,5,90
6,108,completed,1,2024-10-08 10:59:34.249051,59,28
78,104,viewed,4,2024-10-15 10:59:34.249053,42,40
47,102,viewed,2,2024-10-23 10:59:34.249055,8,17
70,105,viewed,2,2024-10-24 10:59:34.249057,4,24
84,104,completed,4,2024-10-21 10:59:34.249060,11,22
17,108,completed,2,2024-10-13 10:59:34.249062,36,19
79,106,completed,1,2024-10-25 10:59:34.249065,26,93
79,116,completed,2,2024-10-03 10:59:34.249067,24,19
98,115,viewed,5,2024-09-27 10:59:34.249069,8,88
37,108,viewed,2,2024-10-24 10:59:34.249072,14,39
35,111,viewed,3,2024-10-12 10:59:34.249074,3,0
93,105,viewed,2,2024-10-26 10:59:34.249076,16,30
40,116,completed,2,2024-10-02 10:59:34.249079,41,86
66,118,viewed,2,2024-10-17 10:59:34.249081,35,41
10,103,viewed,4,2024-10-07 10:59:34.249083,5,76
67,119,viewed,2,2024-10-25 10:59:34.249086,6,27
23,109,viewed,5,2024-10-01 10:59:34.249088,55,0
12,102,viewed,2,2024-10-05 10:59:34.249091,46,66
91,115,completed,3,2024-10-02 10:59:34.249093,60,88
33,117,viewed,2,2024-10-11 10:59:34.249095,7,46
9,120,viewed,1,2024-10-06 10:59:34.249098,44,5
15,115,completed,2,2024-10-20 10:59:34.249100,40,36
44,119,viewed,3,2024-10-10 10:59:34.249102,36,61
60,107,viewed,5,2024-09-28 10:59:34.249105,53,89
95,118,viewed,5,2024-10-09 10:59:34.249107,23,6
55,116,completed,3,2024-10-14 10:59:34.249110,15,62
53,105,completed,4,2024-10-07 10:59:34.249112,47,5
22,105,viewed,5,2024-10-22 10:59:34.249114,7,89
23,113,viewed,2,2024-10-27 10:59:34.249117,10,6
37,112,viewed,5,2024-10-08 10:59:34.249119,55,68
72,101,viewed,5,2024-10-11 10:59:34.249122,55,76
15,106,completed,4,2024-10-24 10:59:34.249124,23,81
30,106,viewed,2,2024-10-22 10:59:34.249127,36,79
24,112,viewed,1,2024-10-09 10:59:34.249129,48,2
96,120,viewed,1,2024-10-03 10:59:34.249131,58,99
82,114,completed,2,2024-09-29 10:59:34.249134,40,77
8,116,viewed,5,2024-10-27 10:59:34.249136,23,98
95,113,completed,1,2024-10-21 10:59:34.249139,37,55
80,116,completed,2,2024-10-05 10:59:34.249141,55,48
6,109,viewed,4,2024-10-14 10:59:34.249143,29,82
29,112,completed,1,2024-10-23 10:59:34.249146,22,75
24,116,viewed,3,2024-10-17 10:59:34.249148,53,88
26,110,completed,3,2024-10-14 10:59:34.249150,28,74
85,119,viewed,4,2024-10-24 10:59:34.249153,16,80
70,115,completed,5,2024-09-29 10:59:34.249155,18,85
35,118,completed,2,2024-10-05 10:59:34.249157,37,2
66,117,completed,4,2024-10-27 10:59:34.249160,10,39
1,111,viewed,3,2024-09-29 10:59:34.249162,35,86
5,103,completed,5,2024-09-28 10:59:34.249164,4,81
2,118,completed,1,2024-10-07 10:59:34.249167,13,34
37,102,completed,4,2024-10-10 10:59:34.249169,52,12
52,115,completed,1,2024-09-29 10:59:34.249172,29,96
4,109,viewed,1,2024-10-18 10:59:34.249174,2,31
76,104,viewed,1,2024-10-15 10:59:34.249176,58,67
10,118,viewed,1,2024-10-09 10:59:34.249179,23,25
56,115,completed,4,2024-10-27 10:59:34.249181,7,73
27,113,viewed,4,2024-10-11 10:59:34.249183,35,42
3,107,completed,3,2024-10-16 10:59:34.249186,4,55
30,108,viewed,1,2024-10-15 10:59:34.249188,5,82
2,120,viewed,4,2024-10-17 10:59:34.249190,58,25
61,107,viewed,2,2024-10-19 10:59:34.249193,12,32
28,102,viewed,3,2024-10-20 10:59:34.249195,55,43
76,109,viewed,4,2024-10-08 10:59:34.249198,12,90
79,113,viewed,5,2024-10-21 10:59:34.249200,30,67
54,106,viewed,4,2024-09-27 10:59:34.249202,43,18
37,103,completed,3,2024-10-10 10:59:34.249205,32,25
36,105,viewed,2,2024-10-17 10:59:34.249207,45,30
99,117,completed,4,2024-10-21 10:59:34.249209,39,67
90,116,viewed,1,2024-10-22 10:59:34.249211,34,70
92,116,completed,5,2024-10-21 10:59:34.249214,7,71
73,108,viewed,1,2024-09-29 10:59:34.249216,8,33
95,105,viewed,5,2024-10-03 10:59:34.249218,24,64
3,104,viewed,5,2024-10-07 10:59:34.249221,23,65
6,104,viewed,1,2024-10-10 10:59:34.249223,55,34
14,118,viewed,1,2024-10-27 10:59:34.249226,8,96
36,102,viewed,4,2024-10-04 10:59:34.249228,45,92
32,120,completed,5,2024-10-02 10:59:34.249230,30,90
59,117,viewed,4,2024-09-29 10:59:34.249232,29,14
77,102,viewed,2,2024-10-13 10:59:34.249235,17,52
93,111,completed,3,2024-10-15 10:59:34.249237,32,22
78,115,viewed,1,2024-10-04 10:59:34.249240,8,64
58,112,viewed,5,2024-10-24 10:59:34.249242,10,20
61,107,viewed,5,2024-10-18 10:59:34.249244,45,86
34,108,viewed,1,2024-10-21 10:59:34.249247,15,72
93,111,completed,4,2024-10-16 10:59:34.249249,34,73
98,106,viewed,5,2024-09-27 10:59:34.249251,35,39
41,118,completed,5,2024-10-10 10:59:34.249254,54,76
69,105,viewed,1,2024-09-30 10:59:34.249256,58,97
10,118,completed,4,2024-10-19 10:59:34.249258,48,63
19,102,completed,2,2024-10-03 10:59:34.249261,59,90
83,109,completed,3,2024-10-08 10:59:34.249263,2,72
34,102,completed,1,2024-09-28 10:59:34.249265,29,4
81,104,viewed,1,2024-10-22 10:59:34.249268,14,13
77,119,completed,4,2024-10-07 10:59:34.249270,24,30
68,105,completed,3,2024-10-25 10:59:34.249272,5,35
28,110,completed,4,2024-10-10 10:59:34.249275,12,30
65,109,completed,5,2024-10-13 10:59:34.249278,14,9
40,112,completed,4,2024-10-20 10:59:34.249280,3,49
90,104,completed,3,2024-10-20 10:59:34.249282,39,7
9,116,completed,5,2024-10-11 10:59:34.249285,5,95
9,115,completed,3,2024-10-23 10:59:34.249287,5,73
51,105,completed,3,2024-10-01 10:59:34.249289,47,100
78,109,completed,3,2024-10-02 10:59:34.249292,47,32
82,108,viewed,5,2024-10-18 10:59:34.249294,22,4
76,115,completed,3,2024-09-28 10:59:34.249297,55,92
48,115,completed,3,2024-10-23 10:59:34.249299,27,68
48,118,viewed,2,2024-10-13 10:59:34.249302,27,5
45,116,completed,4,2024-10-26 10:59:34.249304,7,85
34,119,viewed,1,2024-09-30 10:59:34.249306,45,72
1,109,completed,2,2024-10-19 10:59:34.249309,6,28
21,116,viewed,4,2024-10-15 10:59:34.249311,44,80
71,108,viewed,4,2024-10-18 10:59:34.249313,59,76
97,106,completed,4,2024-09-30 10:59:34.249316,10,97
35,101,completed,3,2024-10-14 10:59:34.249318,14,58
19,117,completed,1,2024-10-24 10:59:34.249320,28,7
27,119,viewed,5,2024-10-01 10:59:34.249323,10,54
35,101,completed,5,2024-10-04 10:59:34.249325,19,83
3,119,viewed,4,2024-10-21 10:59:34.249327,31,76
88,102,viewed,2,2024-10-12 10:59:34.249330,25,33
67,115,completed,3,2024-10-01 10:59:34.249332,31,67
66,105,completed,1,2024-10-16 10:59:34.249335,42,58
39,101,viewed,4,2024-10-09 10:59:34.249338,31,6
69,116,viewed,5,2024-10-15 10:59:34.249340,59,25
90,104,completed,2,2024-10-10 10:59:34.249342,31,50
60,115,viewed,1,2024-10-10 10:59:34.249344,10,18
4,110,completed,2,2024-10-21 10:59:34.249347,56,7
26,110,viewed,4,2024-10-21 10:59:34.249349,55,32
3,118,viewed,1,2024-09-28 10:59:34.249351,32,59
76,116,completed,2,2024-10-15 10:59:34.249354,49,82
44,119,viewed,5,2024-10-06 10:59:34.249356,5,17
37,120,viewed,3,2024-10-24 10:59:34.249358,11,31
46,102,viewed,2,2024-09-29 10:59:34.249361,37,9
6,114,completed,2,2024-10-13 10:59:34.249363,54,14
34,118,viewed,4,2024-10-01 10:59:34.249365,36,1
71,106,viewed,4,2024-09-30 10:59:34.249368,7,44
47,118,completed,3,2024-10-22 10:59:34.249370,30,43
70,105,viewed,1,2024-10-25 10:59:34.249372,54,35
57,109,completed,4,2024-10-08 10:59:34.249375,5,52
59,118,viewed,3,2024-09-28 10:59:34.249377,14,30
19,114,completed,4,2024-10-13 10:59:34.249379,22,37
49,112,viewed,1,2024-10-24 10:59:34.249382,28,34
88,105,completed,3,2024-10-20 10:59:34.249384,54,38
82,108,viewed,1,2024-10-21 10:59:34.249386,8,66
12,108,completed,4,2024-10-19 10:59:34.249389,48,14
79,114,completed,5,2024-10-17 10:59:34.249391,40,43
41,117,viewed,2,2024-09-30 10:59:34.249393,48,62
45,105,completed,1,2024-10-25 10:59:34.249396,9,94
73,113,viewed,2,2024-10-23 10:59:34.249398,31,49
68,104,viewed,4,2024-10-11 10:59:34.249400,37,7
60,113,completed,4,2024-10-24 10:59:34.249403,11,57
14,113,completed,3,2024-10-16 10:59:34.249405,6,76
9,112,viewed,4,2024-10-10 10:59:34.249407,46,69
54,109,completed,3,2024-10-04 10:59:34.249410,41,63
44,101,viewed,5,2024-10-11 10:59:34.249412,27,14
59,110,completed,4,2024-10-14 10:59:34.249414,50,62
82,101,completed,2,2024-09-30 10:59:34.249417,5,39
74,117,viewed,3,2024-10-16 10:59:34.249419,3,69
78,110,completed,1,2024-10-04 10:59:34.249421,4,25
77,103,completed,5,2024-10-25 10:59:34.249424,16,43
74,116,viewed,2,2024-10-27 10:59:34.249426,49,81
60,106,viewed,2,2024-10-02 10:59:34.249429,37,88
56,119,viewed,5,2024-10-11 10:59:34.249431,1,86
23,113,completed,4,2024-10-04 10:59:34.249434,58,14
6,111,completed,5,2024-10-01 10:59:34.249436,36,5
68,120,completed,5,2024-10-26 10:59:34.249439,4,3
17,114,viewed,4,2024-10-11 10:59:34.249441,44,79
64,116,viewed,3,2024-10-27 10:59:34.249443,27,45
80,110,viewed,1,2024-10-11 10:59:34.249445,5,98
87,111,viewed,4,2024-10-22 10:59:34.249448,24,34
15,103,completed,5,2024-10-07 10:59:34.249450,5,67
1,115,viewed,3,2024-10-10 10:59:34.249453,5,40
25,105,completed,1,2024-10-10 10:59:34.249455,5,57
58,119,completed,3,2024-10-16 10:59:34.249457,6,47
92,103,completed,2,2024-09-27 10:59:34.249460,18,4
36,116,viewed,1,2024-10-08 10:59:34.249462,33,4
67,120,completed,3,2024-10-25 10:59:34.249464,14,93
83,109,completed,5,2024-10-16 10:59:34.249467,22,21
4,113,viewed,4,2024-10-06 10:59:34.249469,40,41
38,103,viewed,3,2024-10-17 10:59:34.249472,9,27
25,114,completed,1,2024-09-27 10:59:34.249474,17,3
93,119,completed,2,2024-10-09 10:59:34.249476,30,100
37,111,viewed,2,2024-10-10 10:59:34.249479,17,35
10,113,completed,4,2024-10-25 10:59:34.249481,9,83
55,120,viewed,3,2024-10-05 10:59:34.249483,35,77
10,111,viewed,5,2024-10-10 10:59:34.249486,38,81
28,106,viewed,5,2024-10-16 10:59:34.249488,19,87
22,101,completed,5,2024-10-10 10:59:34.249490,50,2
55,118,viewed,1,2024-10-02 10:59:34.249492,59,54
21,118,viewed,3,2024-10-03 10:59:34.249495,19,42
4,110,viewed,5,2024-10-03 10:59:34.249497,15,97
26,102,completed,4,2024-09-29 10:59:34.249500,3,16
14,117,viewed,5,2024-10-23 10:59:34.249502,15,76
39,105,viewed,3,2024-10-11 10:59:34.249504,25,7
68,120,viewed,1,2024-10-06 10:59:34.249507,5,20
41,111,completed,1,2024-10-22 10:59:34.249509,32,39
16,103,viewed,3,2024-10-04 10:59:34.249511,17,95
5,118,viewed,4,2024-09-29 10:59:34.249514,54,38
61,119,viewed,5,2024-10-19 10:59:34.249516,48,66
26,108,viewed,3,2024-10-27 10:59:34.249519,18,41
48,115,viewed,3,2024-10-14 10:59:34.249521,16,43
21,119,completed,3,2024-10-18 10:59:34.249523,28,54
9,105,viewed,2,2024-10-04 10:59:34.249526,34,80
59,109,viewed,5,2024-10-21 10:59:34.249528,58,92
47,103,viewed,2,2024-10-06 10:59:34.249530,57,55
11,116,completed,1,2024-10-11 10:59:34.249533,40,59
62,114,viewed,1,2024-09-28 10:59:34.249535,16,84
67,115,viewed,3,2024-09-30 10:59:34.249537,21,76
24,104,completed,1,2024-10-20 10:59:34.249540,44,34
93,111,viewed,3,2024-10-01 10:59:34.249542,11,97
84,112,completed,1,2024-10-07 10:59:34.249544,54,43
87,109,viewed,4,2024-10-26 10:59:34.249547,12,50
5,105,viewed,4,2024-09-29 10:59:34.249549,2,99
40,104,viewed,1,2024-10-16 10:59:34.249552,13,5
2,106,viewed,5,2024-10-11 10:59:34.249554,29,51
34,102,viewed,2,2024-10-01 10:59:34.249556,44,100
4,116,viewed,2,2024-10-06 10:59:34.249559,6,37
79,103,viewed,1,2024-10-09 10:59:34.249561,45,37
87,103,viewed,5,2024-10-19 10:59:34.249563,32,87
26,120,completed,5,2024-10-15 10:59:34.249566,49,20
51,114,completed,1,2024-10-19 10:59:34.249568,32,46
42,111,viewed,5,2024-10-13 10:59:34.249570,3,67
87,114,viewed,3,2024-10-22 10:59:34.249573,59,85
60,109,viewed,5,2024-10-05 10:59:34.249576,35,73
39,101,viewed,4,2024-10-25 10:59:34.249578,43,90
6,115,completed,4,2024-10-04 10:59:34.249580,35,95
15,112,viewed,5,2024-10-20 10:59:34.249583,22,89
57,118,viewed,4,2024-10-06 10:59:34.249585,16,58
91,115,viewed,2,2024-10-22 10:59:34.249587,59,41
7,111,completed,1,2024-10-11 10:59:34.249590,51,54
55,103,viewed,1,2024-10-15 10:59:34.249592,3,33
8,113,viewed,1,2024-10-18 10:59:34.249594,18,87
65,104,completed,5,2024-10-13 10:59:34.249597,13,42
42,112,completed,3,2024-10-04 10:59:34.249599,51,20
31,117,completed,1,2024-10-26 10:59:34.249601,11,81
70,102,completed,4,2024-10-09 10:59:34.249604,53,10
99,112,completed,3,2024-10-23 10:59:34.249606,39,80
38,108,viewed,2,2024-09-30 10:59:34.249608,22,69
10,119,viewed,4,2024-10-07 10:59:34.249611,59,5
35,110,completed,4,2024-10-16 10:59:34.249613,36,82
45,101,viewed,3,2024-10-23 10:59:34.249615,11,85
75,111,completed,5,2024-10-17 10:59:34.249618,34,39
51,102,viewed,4,2024-10-19 10:59:34.249620,35,66
66,120,viewed,3,2024-10-03 10:59:34.249622,23,67
36,116,completed,5,2024-10-11 10:59:34.249624,15,62
99,101,viewed,3,2024-09-29 10:59:34.249627,34,72
83,120,viewed,1,2024-10-22 10:59:34.249629,41,13
58,116,viewed,4,2024-10-26 10:59:34.249631,30,98
31,106,completed,1,2024-09-28 10:59:34.249635,20,61
2,105,viewed,3,2024-10-12 10:59:34.249637,9,7
59,106,viewed,4,2024-10-04 10:59:34.249640,34,27
93,106,completed,5,2024-10-11 10:59:34.249642,32,75
18,117,viewed,2,2024-10-15 10:59:34.249644,37,97
70,106,viewed,5,2024-10-12 10:59:34.249647,33,79
5,119,completed,4,2024-10-23 10:59:34.249649,15,56
18,117,viewed,1,2024-10-04 10:59:34.249651,27,24
83,111,completed,5,2024-10-25 10:59:34.249654,40,17
77,120,completed,3,2024-10-04 10:59:34.249656,2,20
28,105,viewed,4,2024-10-05 10:59:34.249658,48,40
50,104,completed,4,2024-10-23 10:59:34.249660,3,65
37,119,completed,5,2024-10-18 10:59:34.249663,10,69
17,116,completed,4,2024-10-27 10:59:34.249665,33,49
25,115,completed,4,2024-10-09 10:59:34.249667,48,17
52,111,viewed,1,2024-10-27 10:59:34.249670,27,14
36,116,completed,2,2024-10-10 10:59:34.249672,53,9
95,116,completed,3,2024-09-30 10:59:34.249674,44,14
52,108,completed,4,2024-10-07 10:59:34.249677,21,59
95,119,viewed,2,2024-10-02 10:59:34.249679,25,75
55,115,completed,1,2024-10-19 10:59:34.249681,47,84
83,119,viewed,4,2024-10-03 10:59:34.249684,14,58
60,104,completed,3,2024-10-01 10:59:34.249686,24,43
42,112,completed,5,2024-10-18 10:59:34.249688,43,1
31,112,viewed,5,2024-10-11 10:59:34.249691,50,52
79,115,completed,4,2024-10-15 10:59:34.249693,13,75
98,107,viewed,2,2024-10-07 10:59:34.249695,36,4
26,106,completed,1,2024-10-18 10:59:34.249697,25,88
15,110,completed,2,2024-09-27 10:59:34.249700,21,35
3,117,completed,5,2024-10-22 10:59:34.249702,41,100
25,120,viewed,5,2024-10-18 10:59:34.249705,12,34
3,109,viewed,3,2024-10-14 10:59:34.249707,33,97
59,116,viewed,4,2024-10-06 10:59:34.249709,24,10
6,103,viewed,3,2024-10-07 10:59:34.249711,32,7
55,117,completed,3,2024-10-23 10:59:34.249714,57,55
15,110,viewed,5,2024-10-26 10:59:34.249716,22,35
39,105,viewed,1,2024-10-01 10:59:34.249719,2,24
92,115,viewed,4,2024-10-20 10:59:34.249721,21,17
91,105,viewed,1,2024-10-03 10:59:34.249725,32,37
80,120,viewed,3,2024-10-26 10:59:34.249727,51,84
40,102,viewed,3,2024-10-13 10:59:34.249730,26,84
64,114,completed,5,2024-09-29 10:59:34.249732,24,2
41,105,completed,5,2024-10-18 10:59:34.249734,2,73
44,107,viewed,2,2024-10-08 10:59:34.249737,39,35
96,111,completed,4,2024-10-14 10:59:34.249739,35,41
83,112,viewed,2,2024-10-26 10:59:34.249741,37,44
88,105,viewed,1,2024-10-27 10:59:34.249744,39,1
33,101,completed,3,2024-10-16 10:59:34.249746,6,89
61,117,viewed,1,2024-10-27 10:59:34.249748,23,90
93,113,viewed,5,2024-10-16 10:59:34.249751,22,34
46,113,completed,2,2024-10-06 10:59:34.249753,60,72
67,113,viewed,5,2024-10-25 10:59:34.249755,50,45
3,120,completed,1,2024-10-24 10:59:34.249758,43,57
15,116,completed,5,2024-10-10 10:59:34.249760,17,2
96,108,completed,3,2024-10-23 10:59:34.249763,34,91
39,107,completed,2,2024-10-15 10:59:34.249765,53,10
58,112,viewed,4,2024-09-27 10:59:34.249767,17,100
15,117,completed,1,2024-10-10 10:59:34.249770,51,8
77,104,completed,2,2024-10-19 10:59:34.249772,27,44
57,105,viewed,3,2024-10-05 10:59:34.249774,4,83
49,101,completed,2,2024-10-06 10:59:34.249777,31,25
62,101,completed,4,2024-10-26 10:59:34.249779,45,84
25,119,completed,3,2024-10-05 10:59:34.249781,10,50
4,113,completed,1,2024-10-24 10:59:34.249784,52,7
16,117,viewed,1,2024-10-18 10:59:34.249786,52,37
58,115,viewed,1,2024-10-15 10:59:34.249788,8,3
97,109,viewed,5,2024-10-18 10:59:34.249791,15,49
98,107,completed,4,2024-10-04 10:59:34.249793,59,62
69,120,completed,4,2024-10-06 10:59:34.249796,10,14
47,116,completed,5,2024-10-19 10:59:34.249798,10,53
60,117,completed,2,2024-10-22 10:59:34.249800,39,87
40,109,completed,5,2024-10-15 10:59:34.249803,8,71
75,104,viewed,3,2024-10-11 10:59:34.249805,29,92
15,110,completed,5,2024-10-20 10:59:34.249807,3,73
64,116,viewed,4,2024-09-28 10:59:34.249810,26,49
5,119,viewed,1,2024-09-27 10:59:34.249812,23,0
42,103,completed,4,2024-10-17 10:59:34.249814,46,40
84,119,viewed,4,2024-10-17 10:59:34.249817,19,32
66,115,viewed,5,2024-10-27 10:59:34.249819,27,48
95,112,completed,3,2024-10-05 10:59:34.249821,49,25
87,108,completed,1,2024-10-25 10:59:34.249824,32,34
10,105,viewed,4,2024-09-27 10:59:34.249826,11,32
2,110,completed,3,2024-10-16 10:59:34.249828,4,26
41,116,completed,4,2024-10-13 10:59:34.249831,21,17
80,111,completed,5,2024-10-08 10:59:34.249833,36,46
24,114,viewed,1,2024-09-27 10:59:34.249836,56,14
79,106,viewed,4,2024-10-23 10:59:34.249838,32,22
40,102,completed,4,2024-10-02 10:59:34.249840,39,74
97,103,viewed,2,2024-10-27 10:59:34.249843,39,92
69,104,viewed,3,2024-10-17 10:59:34.249845,15,44
14,110,viewed,5,2024-10-08 10:59:34.249847,28,40
28,112,completed,2,2024-10-04 10:59:34.249850,21,93
28,120,completed,4,2024-10-20 10:59:34.249852,55,88
51,115,viewed,1,2024-10-11 10:59:34.249855,13,85
19,106,completed,1,2024-09-28 10:59:34.249857,9,7
38,118,viewed,3,2024-10-10 10:59:34.249859,41,40
43,115,completed,1,2024-10-23 10:59:34.249862,43,13
85,115,completed,2,2024-10-23 10:59:34.249864,39,2
31,119,viewed,2,2024-09-30 10:59:34.249866,37,81
32,109,viewed,5,2024-10-03 10:59:34.249869,48,86
99,104,completed,5,2024-10-17 10:59:34.249871,21,88
72,105,viewed,3,2024-10-16 10:59:34.249874,16,0
83,115,viewed,3,2024-10-01 10:59:34.249876,42,30
53,106,completed,4,2024-10-21 10:59:34.249878,57,34
84,111,completed,1,2024-10-20 10:59:34.249881,45,49
15,120,viewed,5,2024-10-26 10:59:34.249883,24,98
43,102,completed,2,2024-10-26 10:59:34.249885,21,78
7,111,viewed,4,2024-10-08 10:59:34.249888,8,84
75,104,viewed,2,2024-10-21 10:59:34.249890,59,74
94,101,viewed,4,2024-10-03 10:59:34.249892,48,65
87,120,viewed,4,2024-10-07 10:59:34.249894,58,34
30,111,completed,4,2024-09-30 10:59:34.249897,57,69
96,105,viewed,2,2024-09-27 10:59:34.249899,4,48
95,118,viewed,1,2024-10-18 10:59:34.249901,58,41
98,113,completed,5,2024-10-01 10:59:34.249904,52,78
43,108,completed,5,2024-09-29 10:59:34.249906,47,51
89,115,viewed,4,2024-10-18 10:59:34.249909,24,50
28,104,viewed,2,2024-10-08 10:59:34.249911,41,13
37,112,viewed,1,2024-10-25 10:59:34.249913,22,97
21,101,viewed,3,2024-09-27 10:59:34.249916,50,29
71,111,completed,1,2024-10-20 10:59:34.249918,51,28
13,120,completed,4,2024-10-13 10:59:34.249920,15,23
85,117,completed,2,2024-09-27 10:59:34.249923,16,93
24,106,completed,2,2024-10-23 10:59:34.249925,4,74
64,108,completed,3,2024-10-21 10:59:34.249927,1,90
37,101,completed,4,2024-09-30 10:59:34.249930,34,58
7,115,completed,4,2024-10-16 10:59:34.249932,14,0
41,107,viewed,4,2024-10-13 10:59:34.249934,53,52
38,120,viewed,5,2024-10-04 10:59:34.249938,42,81
21,107,viewed,5,2024-10-12 10:59:34.249941,46,50
22,120,viewed,5,2024-10-05 10:59:34.249943,9,55
100,109,completed,3,2024-10-17 10:59:34.249945,2,77
13,115,completed,4,2024-10-01 10:59:34.249947,41,40
6,101,viewed,1,2024-10-26 10:59:34.249950,34,68
52,101,viewed,3,2024-10-05 10:59:34.249952,14,39
19,107,viewed,1,2024-10-07 10:59:34.249955,42,20
4,108,completed,2,2024-10-17 10:59:34.249957,56,2
92,114,completed,2,2024-10-08 10:59:34.249959,39,51
6,110,completed,3,2024-10-08 10:59:34.249962,3,52
91,106,completed,5,2024-10-12 10:59:34.249964,1,61
49,103,viewed,3,2024-09-28 10:59:34.249966,29,100
2,114,viewed,4,2024-10-06 10:59:34.249969,37,54
32,116,completed,4,2024-09-28 10:59:34.249971,44,47
62,112,viewed,5,2024-10-21 10:59:34.249974,53,14
95,104,completed,5,2024-09-28 10:59:34.249976,31,10
20,104,completed,3,2024-10-19 10:59:34.249978,3,24
67,118,viewed,2,2024-10-07 10:59:34.249981,42,51
8,116,viewed,3,2024-10-05 10:59:34.249983,37,27
21,109,completed,2,2024-10-08 10:59:34.249985,9,59
72,104,viewed,5,2024-10-12 10:59:34.249988,16,88
22,110,completed,1,2024-10-12 10:59:34.249990,6,35
40,102,viewed,1,2024-10-07 10:59:34.249992,51,47
31,101,completed,5,2024-10-25 10:59:34.249995,1,57
92,116,viewed,1,2024-10-27 10:59:34.249997,29,77
72,116,viewed,5,2024-10-14 10:59:34.249999,26,86
36,116,completed,3,2024-09-28 10:59:34.250002,54,14
74,112,viewed,2,2024-10-08 10:59:34.250004,38,38
40,105,viewed,5,2024-10-25 10:59:34.250006,36,44
56,108,completed,4,2024-10-24 10:59:34.250008,6,43
61,104,viewed,3,2024-10-22 10:59:34.250011,35,15
6,113,completed,2,2024-10-06 10:59:34.250013,55,73
45,102,viewed,4,2024-10-24 10:59:34.250015,36,88
9,103,viewed,1,2024-10-11 10:59:34.250018,12,9
41,112,completed,4,2024-10-02 10:59:34.250020,9,20
82,119,completed,5,2024-10-22 10:59:34.250023,8,32
48,107,viewed,4,2024-10-10 10:59:34.250025,22,79
98,106,completed,4,2024-10-09 10:59:34.250028,11,31
83,101,viewed,3,2024-10-06 10:59:34.250030,16,19
54,106,viewed,5,2024-10-05 10:59:34.250033,1,79
14,110,completed,5,2024-10-14 10:59:34.250035,29,16
39,113,viewed,4,2024-10-27 10:59:34.250038,49,77
53,103,viewed,1,2024-09-27 10:59:34.250040,7,28
46,111,viewed,1,2024-10-23 10:59:34.250042,11,43
99,109,viewed,3,2024-10-16 10:59:34.250045,1,25
4,119,viewed,3,2024-10-05 10:59:34.250047,55,79
